{
  "comforts:sleeping_bag_light_gray": {
    "criteria": {
      "has_the_recipe": "2025-04-22 10:06:35 +0000"
    },
    "done": true
  },
  "comforts:hammock_white": {
    "criteria": {
      "has_the_recipe": "2025-04-22 10:06:35 +0000"
    },
    "done": true
  },
  "comforts:hammock_cyan_from_white": {
    "criteria": {
      "has_the_recipe": "2025-04-22 10:06:35 +0000"
    },
    "done": true
  },
  "comforts:hammock_black": {
    "criteria": {
      "has_the_recipe": "2025-04-22 10:06:35 +0000"
    },
    "done": true
  },
  "comforts:sleeping_bag_light_blue": {
    "criteria": {
      "has_the_recipe": "2025-04-22 10:06:35 +0000"
    },
    "done": true
  },
  "comforts:sleeping_bag_green_from_white": {
    "criteria": {
      "has_the_recipe": "2025-04-22 10:06:35 +0000"
    },
    "done": true
  },
  "comforts:sleeping_bag_lime": {
    "criteria": {
      "has_the_recipe": "2025-04-22 10:06:35 +0000"
    },
    "done": true
  },
  "mcwfences:recipes/deepslate": {
    "criteria": {
      "has_deepslate": "2025-04-22 10:06:35 +0000"
    },
    "done": true
  },
  "naturescompass:natures_compass": {
    "criteria": {
      "has_compass": "2025-04-22 10:06:35 +0000"
    },
    "done": true
  },
  "comforts:sleeping_bag_lime_from_white": {
    "criteria": {
      "has_the_recipe": "2025-04-22 10:06:35 +0000"
    },
    "done": true
  },
  "create:copper": {
    "criteria": {
      "0": "2025-04-22 10:51:55 +0000"
    },
    "done": true
  },
  "comforts:sleeping_bag_black_from_white": {
    "criteria": {
      "has_the_recipe": "2025-04-22 10:06:35 +0000"
    },
    "done": true
  },
  "mcwfences:recipes/sandstone": {
    "criteria": {
      "has_sand": "2025-04-22 10:06:35 +0000"
    },
    "done": true
  },
  "comforts:hammock_light_blue_from_white": {
    "criteria": {
      "has_the_recipe": "2025-04-22 10:06:35 +0000"
    },
    "done": true
  },
  "comforts:sleeping_bag_black": {
    "criteria": {
      "has_the_recipe": "2025-04-22 10:06:35 +0000"
    },
    "done": true
  },
  "minecraft:story/shiny_gear": {
    "criteria": {
      "diamond_chestplate": "2025-04-23 01:14:09 +0000"
    },
    "done": true
  },
  "mcwfurnitures:recipes/dark_oak": {
    "criteria": {
      "has_planks": "2025-04-22 10:06:35 +0000"
    },
    "done": true
  },
  "mcwfurnitures:recipes/jungle": {
    "criteria": {
      "has_planks": "2025-04-22 10:06:35 +0000"
    },
    "done": true
  },
  "comforts:hammock_red_from_white": {
    "criteria": {
      "has_the_recipe": "2025-04-22 10:06:35 +0000"
    },
    "done": true
  },
  "mcwdoors:recipes/dark_oak": {
    "criteria": {
      "has_planks": "2025-04-22 10:06:35 +0000"
    },
    "done": true
  },
  "botania:main/flower_pickup": {
    "criteria": {
      "flower": "2025-04-22 23:41:25 +0000"
    },
    "done": true
  },
  "comforts:hammock_yellow": {
    "criteria": {
      "has_the_recipe": "2025-04-22 10:06:35 +0000"
    },
    "done": true
  },
  "mcwfences:recipes/stone": {
    "criteria": {
      "has_stone": "2025-04-22 10:06:35 +0000"
    },
    "done": true
  },
  "mcwfurnitures:recipes/spruce": {
    "criteria": {
      "has_planks": "2025-04-22 10:06:35 +0000"
    },
    "done": true
  },
  "buildersdelight:root": {
    "criteria": {
      "crafting_table": "2025-04-22 10:06:35 +0000"
    },
    "done": true
  },
  "mcwfences:recipes/warped": {
    "criteria": {
      "has_warped": "2025-04-22 10:06:35 +0000"
    },
    "done": true
  },
  "ae2:main/root": {
    "criteria": {
      "certus": "2025-04-22 10:45:47 +0000"
    },
    "done": true
  },
  "mcwdoors:recipes/spruce": {
    "criteria": {
      "has_planks": "2025-04-22 10:06:35 +0000"
    },
    "done": true
  },
  "comforts:hammock_cyan": {
    "criteria": {
      "has_the_recipe": "2025-04-22 10:06:35 +0000"
    },
    "done": true
  },
  "comforts:sleeping_bag_purple": {
    "criteria": {
      "has_the_recipe": "2025-04-22 10:06:35 +0000"
    },
    "done": true
  },
  "comforts:hammock_pink_from_white": {
    "criteria": {
      "has_the_recipe": "2025-04-22 10:06:35 +0000"
    },
    "done": true
  },
  "mcwlights:recipes/tiki_torches": {
    "criteria": {
      "torch": "2025-04-22 10:06:35 +0000"
    },
    "done": true
  },
  "mcwdoors:recipes/oak": {
    "criteria": {
      "has_planks": "2025-04-22 10:06:35 +0000"
    },
    "done": true
  },
  "mcwfences:recipes/jungle": {
    "criteria": {
      "has_jungle": "2025-04-22 10:06:35 +0000"
    },
    "done": true
  },
  "comforts:sleeping_bag_purple_from_white": {
    "criteria": {
      "has_the_recipe": "2025-04-22 10:06:35 +0000"
    },
    "done": true
  },
  "comforts:sleeping_bag_yellow": {
    "criteria": {
      "has_the_recipe": "2025-04-22 10:06:35 +0000"
    },
    "done": true
  },
  "botania:main/root": {
    "criteria": {
      "flower": "2025-04-22 23:41:25 +0000"
    },
    "done": true
  },
  "mcwfurnitures:recipes/oak": {
    "criteria": {
      "has_planks": "2025-04-22 10:06:35 +0000"
    },
    "done": true
  },
  "comforts:hammock_light_gray": {
    "criteria": {
      "has_the_recipe": "2025-04-22 10:06:35 +0000"
    },
    "done": true
  },
  "mcwfences:recipes/oak": {
    "criteria": {
      "has_oak": "2025-04-22 10:06:35 +0000"
    },
    "done": true
  },
  "mcwfurnitures:recipes/warped": {
    "criteria": {
      "has_planks": "2025-04-22 10:06:35 +0000"
    },
    "done": true
  },
  "mcwfences:recipes/spruce": {
    "criteria": {
      "has_spruce": "2025-04-22 10:06:35 +0000"
    },
    "done": true
  },
  "mcwfences:recipes/hedge": {
    "criteria": {
      "has_birch": "2025-04-22 10:06:35 +0000"
    },
    "done": true
  },
  "mcwfences:recipes/end": {
    "criteria": {
      "has_end_brick": "2025-04-22 10:06:35 +0000"
    },
    "done": true
  },
  "comforts:hammock_purple": {
    "criteria": {
      "has_the_recipe": "2025-04-22 10:06:35 +0000"
    },
    "done": true
  },
  "minecraft:husbandry/balanced_diet": {
    "criteria": {
      "bread": "2025-04-22 22:52:14 +0000",
      "rotten_flesh": "2025-04-22 23:24:13 +0000",
      "salmon": "2025-04-22 10:18:59 +0000",
      "cooked_salmon": "2025-04-22 10:22:45 +0000"
    },
    "done": false
  },
  "mcwfences:recipes/birch": {
    "criteria": {
      "has_birch": "2025-04-22 10:06:35 +0000"
    },
    "done": true
  },
  "comforts:sleeping_bag_orange_from_white": {
    "criteria": {
      "has_the_recipe": "2025-04-22 10:06:35 +0000"
    },
    "done": true
  },
  "comforts:hammock_yellow_from_white": {
    "criteria": {
      "has_the_recipe": "2025-04-22 10:06:35 +0000"
    },
    "done": true
  },
  "mcwdoors:recipes/jungle": {
    "criteria": {
      "has_planks": "2025-04-22 10:06:35 +0000"
    },
    "done": true
  },
  "mcwdoors:recipes/acacia": {
    "criteria": {
      "has_planks": "2025-04-22 10:06:35 +0000"
    },
    "done": true
  },
  "comforts:sleeping_bag_blue_from_white": {
    "criteria": {
      "has_the_recipe": "2025-04-22 10:06:35 +0000"
    },
    "done": true
  },
  "comforts:sleeping_bag_green": {
    "criteria": {
      "has_the_recipe": "2025-04-22 10:06:35 +0000"
    },
    "done": true
  },
  "comforts:hammock_lime": {
    "criteria": {
      "has_the_recipe": "2025-04-22 10:06:35 +0000"
    },
    "done": true
  },
  "comforts:sleeping_bag_brown_from_white": {
    "criteria": {
      "has_the_recipe": "2025-04-22 10:06:35 +0000"
    },
    "done": true
  },
  "minecraft:story/iron_tools": {
    "criteria": {
      "iron_pickaxe": "2025-04-22 10:39:53 +0000"
    },
    "done": true
  },
  "comforts:sleeping_bag_white": {
    "criteria": {
      "has_the_recipe": "2025-04-22 10:06:35 +0000"
    },
    "done": true
  },
  "comforts:sleeping_bag_pink": {
    "criteria": {
      "has_the_recipe": "2025-04-22 10:06:35 +0000"
    },
    "done": true
  },
  "comforts:hammock_light_gray_from_white": {
    "criteria": {
      "has_the_recipe": "2025-04-22 10:06:35 +0000"
    },
    "done": true
  },
  "comforts:sleeping_bag_brown": {
    "criteria": {
      "has_the_recipe": "2025-04-22 10:06:35 +0000"
    },
    "done": true
  },
  "comforts:sleeping_bag_gray": {
    "criteria": {
      "has_the_recipe": "2025-04-22 10:06:35 +0000"
    },
    "done": true
  },
  "naturescompass:natures_compass_sapling": {
    "criteria": {
      "has_recipe": "2025-04-22 10:06:35 +0000"
    },
    "done": true
  },
  "comforts:sleeping_bag_light_blue_from_white": {
    "criteria": {
      "has_the_recipe": "2025-04-22 10:06:35 +0000"
    },
    "done": true
  },
  "minecraft:story/root": {
    "criteria": {
      "crafting_table": "2025-04-22 10:10:25 +0000"
    },
    "done": true
  },
  "mcwfurnitures:recipes/birch": {
    "criteria": {
      "has_planks": "2025-04-22 10:06:35 +0000"
    },
    "done": true
  },
  "comforts:hammock_light_blue": {
    "criteria": {
      "has_the_recipe": "2025-04-22 10:06:35 +0000"
    },
    "done": true
  },
  "minecraft:story/form_obsidian": {
    "criteria": {
      "obsidian": "2025-04-22 22:54:43 +0000"
    },
    "done": true
  },
  "comforts:rope_and_nail": {
    "criteria": {
      "has_the_recipe": "2025-04-22 10:06:35 +0000"
    },
    "done": true
  },
  "comforts:hammock_magenta": {
    "criteria": {
      "has_the_recipe": "2025-04-22 10:06:35 +0000"
    },
    "done": true
  },
  "comforts:sleeping_bag_red": {
    "criteria": {
      "has_the_recipe": "2025-04-22 10:06:35 +0000"
    },
    "done": true
  },
  "comforts:sleeping_bag_red_from_white": {
    "criteria": {
      "has_the_recipe": "2025-04-22 10:06:35 +0000"
    },
    "done": true
  },
  "minecraft:adventure/kill_a_mob": {
    "criteria": {
      "minecraft:creeper": "2025-04-22 10:28:18 +0000"
    },
    "done": true
  },
  "botania:challenge/root": {
    "criteria": {
      "flower": "2025-04-22 23:41:25 +0000"
    },
    "done": true
  },
  "comforts:sleeping_bag_magenta_from_white": {
    "criteria": {
      "has_the_recipe": "2025-04-22 10:06:35 +0000"
    },
    "done": true
  },
  "minecraft:story/obtain_armor": {
    "criteria": {
      "iron_chestplate": "2025-04-22 10:38:31 +0000"
    },
    "done": true
  },
  "comforts:hammock_magenta_from_white": {
    "criteria": {
      "has_the_recipe": "2025-04-22 10:06:35 +0000"
    },
    "done": true
  },
  "comforts:sleeping_bag_blue": {
    "criteria": {
      "has_the_recipe": "2025-04-22 10:06:35 +0000"
    },
    "done": true
  },
  "comforts:hammock_brown_from_white": {
    "criteria": {
      "has_the_recipe": "2025-04-22 10:06:35 +0000"
    },
    "done": true
  },
  "mcwfurnitures:recipes/crimson": {
    "criteria": {
      "has_planks": "2025-04-22 10:06:35 +0000"
    },
    "done": true
  },
  "mcwfences:recipes/blackstone": {
    "criteria": {
      "has_blackstone": "2025-04-22 10:06:35 +0000"
    },
    "done": true
  },
  "minecraft:story/mine_stone": {
    "criteria": {
      "get_stone": "2025-04-22 10:10:37 +0000"
    },
    "done": true
  },
  "botania:main/flower_pickup_lexicon": {
    "criteria": {
      "flower": "2025-04-22 23:41:25 +0000"
    },
    "done": true
  },
  "minecraft:adventure/adventuring_time": {
    "criteria": {
      "minecraft:old_growth_pine_taiga": "2025-04-22 10:06:35 +0000",
      "minecraft:sunflower_plains": "2025-04-23 00:53:16 +0000",
      "minecraft:river": "2025-04-22 10:18:29 +0000",
      "minecraft:dripstone_caves": "2025-04-23 00:50:50 +0000",
      "minecraft:forest": "2025-04-22 23:32:56 +0000",
      "minecraft:old_growth_spruce_taiga": "2025-04-22 10:18:45 +0000",
      "minecraft:frozen_peaks": "2025-04-22 23:35:56 +0000",
      "minecraft:old_growth_birch_forest": "2025-04-22 23:32:54 +0000",
      "minecraft:meadow": "2025-04-22 23:35:05 +0000",
      "minecraft:plains": "2025-04-22 23:41:05 +0000"
    },
    "done": false
  },
  "mcwdoors:recipes/warped": {
    "criteria": {
      "has_planks": "2025-04-22 10:06:35 +0000"
    },
    "done": true
  },
  "comforts:hammock_blue_from_white": {
    "criteria": {
      "has_the_recipe": "2025-04-22 10:06:35 +0000"
    },
    "done": true
  },
  "minecraft:adventure/sleep_in_bed": {
    "criteria": {
      "slept_in_bed": "2025-04-22 11:24:53 +0000"
    },
    "done": true
  },
  "comforts:sleeping_bag_gray_from_white": {
    "criteria": {
      "has_the_recipe": "2025-04-22 10:06:35 +0000"
    },
    "done": true
  },
  "comforts:sleeping_bag_orange": {
    "criteria": {
      "has_the_recipe": "2025-04-22 10:06:35 +0000"
    },
    "done": true
  },
  "minecraft:husbandry/root": {
    "criteria": {
      "consumed_item": "2025-04-22 10:18:59 +0000"
    },
    "done": true
  },
  "mcwfences:recipes/nether": {
    "criteria": {
      "has_nether_brick": "2025-04-22 10:06:35 +0000"
    },
    "done": true
  },
  "comforts:sleeping_bag_cyan": {
    "criteria": {
      "has_the_recipe": "2025-04-22 10:06:35 +0000"
    },
    "done": true
  },
  "comforts:hammock_purple_from_white": {
    "criteria": {
      "has_the_recipe": "2025-04-22 10:06:35 +0000"
    },
    "done": true
  },
  "mcwfences:recipes/crimson": {
    "criteria": {
      "has_crimson": "2025-04-22 10:06:35 +0000"
    },
    "done": true
  },
  "minecraft:adventure/root": {
    "criteria": {
      "killed_by_something": "2025-04-22 10:08:31 +0000"
    },
    "done": true
  },
  "mcwfences:recipes/bamboo": {
    "criteria": {
      "has_bamboo": "2025-04-22 10:06:35 +0000"
    },
    "done": true
  },
  "mcwfences:recipes/prismarine": {
    "criteria": {
      "has_qq": "2025-04-22 10:06:35 +0000"
    },
    "done": true
  },
  "ironfurnaces:coal": {
    "criteria": {
      "rainbowcoal": "2025-04-22 10:06:35 +0000"
    },
    "done": true
  },
  "comforts:sleeping_bag_pink_from_white": {
    "criteria": {
      "has_the_recipe": "2025-04-22 10:06:35 +0000"
    },
    "done": true
  },
  "comforts:hammock_red": {
    "criteria": {
      "has_the_recipe": "2025-04-22 10:06:35 +0000"
    },
    "done": true
  },
  "the_vault:main/root": {
    "criteria": {
      "entered_vault": "2025-04-22 23:54:51 +0000"
    },
    "done": true
  },
  "mcwlights:recipes/paper_lamp": {
    "criteria": {
      "paper": "2025-04-22 10:06:35 +0000"
    },
    "done": true
  },
  "mcwfences:recipes/acacia": {
    "criteria": {
      "has_acacia": "2025-04-22 10:06:35 +0000"
    },
    "done": true
  },
  "comforts:hammock_black_from_white": {
    "criteria": {
      "has_the_recipe": "2025-04-22 10:06:35 +0000"
    },
    "done": true
  },
  "comforts:sleeping_bag_yellow_from_white": {
    "criteria": {
      "has_the_recipe": "2025-04-22 10:06:35 +0000"
    },
    "done": true
  },
  "comforts:hammock_gray_from_white": {
    "criteria": {
      "has_the_recipe": "2025-04-22 10:06:35 +0000"
    },
    "done": true
  },
  "architects_palette:main/root": {
    "criteria": {
      "craftingtable": "2025-04-22 10:06:35 +0000"
    },
    "done": true
  },
  "minecraft:adventure/kill_all_mobs": {
    "criteria": {
      "minecraft:skeleton": "2025-04-22 10:32:44 +0000",
      "minecraft:spider": "2025-04-22 10:47:01 +0000",
      "minecraft:creeper": "2025-04-22 10:28:18 +0000",
      "minecraft:slime": "2025-04-22 11:14:58 +0000",
      "minecraft:silverfish": "2025-04-22 10:45:24 +0000",
      "minecraft:zombie": "2025-04-22 10:32:39 +0000",
      "minecraft:drowned": "2025-04-22 10:51:53 +0000"
    },
    "done": false
  },
  "mcwfences:recipes/quartz": {
    "criteria": {
      "has_qq": "2025-04-22 10:06:35 +0000"
    },
    "done": true
  },
  "mcwdoors:recipes/metal": {
    "criteria": {
      "has_planks": "2025-04-22 10:06:35 +0000"
    },
    "done": true
  },
  "comforts:hammock_green_from_white": {
    "criteria": {
      "has_the_recipe": "2025-04-22 10:06:35 +0000"
    },
    "done": true
  },
  "comforts:hammock_orange": {
    "criteria": {
      "has_the_recipe": "2025-04-22 10:06:35 +0000"
    },
    "done": true
  },
  "comforts:hammock_lime_from_white": {
    "criteria": {
      "has_the_recipe": "2025-04-22 10:06:35 +0000"
    },
    "done": true
  },
  "mcwfences:recipes/dark_oak": {
    "criteria": {
      "has_dark_oak": "2025-04-22 10:06:35 +0000"
    },
    "done": true
  },
  "comforts:hammock_pink": {
    "criteria": {
      "has_the_recipe": "2025-04-22 10:06:35 +0000"
    },
    "done": true
  },
  "comforts:hammock_orange_from_white": {
    "criteria": {
      "has_the_recipe": "2025-04-22 10:06:35 +0000"
    },
    "done": true
  },
  "comforts:sleeping_bag_magenta": {
    "criteria": {
      "has_the_recipe": "2025-04-22 10:06:35 +0000"
    },
    "done": true
  },
  "comforts:sleeping_bag_cyan_from_white": {
    "criteria": {
      "has_the_recipe": "2025-04-22 10:06:35 +0000"
    },
    "done": true
  },
  "comforts:sleeping_bag_light_gray_from_white": {
    "criteria": {
      "has_the_recipe": "2025-04-22 10:06:35 +0000"
    },
    "done": true
  },
  "create:root": {
    "criteria": {
      "0": "2025-04-22 10:06:35 +0000"
    },
    "done": true
  },
  "naturescompass:natures_compass_log": {
    "criteria": {
      "has_recipe": "2025-04-22 10:06:35 +0000"
    },
    "done": true
  },
  "mcwdoors:recipes/crimson": {
    "criteria": {
      "has_planks": "2025-04-22 10:06:35 +0000"
    },
    "done": true
  },
  "minecraft:story/mine_diamond": {
    "criteria": {
      "diamond": "2025-04-22 11:02:48 +0000"
    },
    "done": true
  },
  "comforts:hammock_brown": {
    "criteria": {
      "has_the_recipe": "2025-04-22 10:06:35 +0000"
    },
    "done": true
  },
  "minecraft:story/upgrade_tools": {
    "criteria": {
      "stone_pickaxe": "2025-04-22 10:11:18 +0000"
    },
    "done": true
  },
  "mcwfurnitures:recipes/acacia": {
    "criteria": {
      "has_planks": "2025-04-22 10:06:35 +0000"
    },
    "done": true
  },
  "mcwdoors:recipes/birch": {
    "criteria": {
      "has_planks": "2025-04-22 10:06:35 +0000"
    },
    "done": true
  },
  "comforts:hammock_blue": {
    "criteria": {
      "has_the_recipe": "2025-04-22 10:06:35 +0000"
    },
    "done": true
  },
  "comforts:hammock_green": {
    "criteria": {
      "has_the_recipe": "2025-04-22 10:06:35 +0000"
    },
    "done": true
  },
  "minecraft:story/smelt_iron": {
    "criteria": {
      "iron": "2025-04-22 10:27:18 +0000"
    },
    "done": true
  },
  "comforts:hammock_gray": {
    "criteria": {
      "has_the_recipe": "2025-04-22 10:06:35 +0000"
    },
    "done": true
  },
  "mcwlights:recipes/lamps_ceilings": {
    "criteria": {
      "ceiling": "2025-04-22 10:06:35 +0000"
    },
    "done": true
  },
  "DataVersion": 2975
}