{"stats":{"minecraft:crafted":{"the_vault:vault_altar":1,"minecraft:oak_planks":8,"minecraft:stone":16,"minecraft:bone_meal":6,"minecraft:shulker_box":2,"minecraft:glass":3,"minecraft:iron_axe":1,"minecraft:copper_block":1,"quark:spruce_chest":2,"the_vault:polished_vault_stone":9,"minecraft:cooked_beef":12,"minecraft:glass_bottle":3,"minecraft:diamond_sword":1,"minecraft:crafting_table":1,"minecraft:spruce_planks":4,"minecraft:iron_sword":1,"minecraft:cooked_salmon":14,"minecraft:bucket":1,"minecraft:stone_axe":1,"minecraft:air":558,"minecraft:charcoal":1,"minecraft:iron_chestplate":1,"the_vault:chromatic_iron_ingot":91,"minecraft:diamond_pickaxe":1,"minecraft:shield":1,"irongenerators:iron_generator":1,"minecraft:stick":36,"quark:oak_chest":9,"minecraft:iron_ingot":77,"minecraft:iron_pickaxe":3,"minecraft:torch":40},"minecraft:killed":{"the_vault:vault_spider":14,"minecraft:spider":8,"the_vault:vault_fighter":50,"minecraft:slime":18,"minecraft:skeleton":13,"the_vault:skeleton_pirate_t0":24,"the_vault:crystal_arbalist_guardian":2,"the_vault:crystal_bruiser_guardian":4,"minecraft:silverfish":3,"minecraft:drowned":32,"minecraft:salmon":20,"the_vault:overgrown_zombie_t0":56,"minecraft:creeper":8,"minecraft:zombie":14},"minecraft:dropped":{"minecraft:iron_ingot":6,"minecraft:bread":11,"the_vault:raw_chromatic_iron":16,"minecraft:wheat_seeds":1,"minecraft:crafting_table":1,"minecraft:iron_helmet":1,"minecraft:cobblestone":15,"minecraft:apple":1,"quark:music_disc_rain":1,"minecraft:copper_ingot":5,"minecraft:flint":2,"minecraft:stick":10,"minecraft:cobweb":3,"minecraft:dirt":18,"the_vault:ornate_chain":11,"minecraft:torch":1,"minecraft:cooked_salmon":2,"minecraft:iron_pickaxe":3,"minecraft:string":5,"the_vault:soul_shard":64,"minecraft:spruce_sapling":1,"minecraft:redstone":1,"minecraft:smooth_basalt":2,"minecraft:bone":3,"minecraft:gravel":7,"minecraft:blackstone":2,"the_vault:vault_altar":1,"minecraft:cobbled_deepslate":11,"minecraft:raw_copper":3,"minecraft:tuff":3,"minecraft:raw_iron":1,"minecraft:rotten_flesh":7,"minecraft:iron_boots":2,"the_vault:vault_rock":4,"minecraft:diamond_sword":1,"minecraft:diamond_chestplate":1,"the_vault:axe":1,"minecraft:peony":1,"supplementaries:flax_seeds":12,"supplementaries:ash":4,"minecraft:spruce_planks":3,"minecraft:iron_chestplate":2,"minecraft:andesite":10,"minecraft:stone_bricks":12,"minecraft:spider_eye":1,"the_vault:vault_diamond":3,"minecraft:bow":2,"minecraft:stone_pickaxe":2,"minecraft:wooden_pickaxe":1,"the_vault:vault_cobblestone":64},"minecraft:mined":{"create:deepslate_zinc_ore":8,"minecraft:tuff":43,"minecraft:deepslate_diamond_ore":17,"architects_palette:plating_vertical_slab":2,"minecraft:shulker_box":14,"ecologics:azalea_flower":2,"minecraft:obsidian":14,"minecraft:purple_terracotta":1,"minecraft:stripped_crimson_hyphae":7,"minecraft:stone_button":1,"minecraft:grass_block":5,"minecraft:spruce_leaves":3,"minecraft:chiseled_stone_bricks":8,"minecraft:spawner":1,"minecraft:hay_block":6,"minecraft:furnace":6,"minecraft:carrots":6,"the_vault:vault_stone":1108,"minecraft:iron_ore":61,"minecraft:cobbled_deepslate":1,"the_vault:vault_altar":3,"minecraft:green_terracotta":1,"minecraft:andesite":55,"minecraft:mossy_stone_brick_stairs":3,"minecraft:flowering_azalea_leaves":1,"minecraft:potatoes":12,"minecraft:deepslate_iron_ore":45,"irongenerators:iron_generator":1,"minecraft:stone":318,"minecraft:deepslate_redstone_ore":20,"the_vault:ore_alexandrite":2,"minecraft:blackstone":20,"auxiliaryblocks:yellow_frameless_glass":1,"the_vault:ore_wutodie":6,"minecraft:crafting_table":4,"the_vault:ore_sparkletine":1,"minecraft:torch":1,"minecraft:honey_block":1,"minecraft:calcite":2,"minecraft:poppy":6,"auxiliaryblocks:orange_crystal":2,"minecraft:tall_grass":3,"minecraft:copper_ore":34,"minecraft:lapis_ore":5,"minecraft:deepslate_gold_ore":6,"minecraft:diorite":10,"supplementaries:urn":5,"the_vault:ore_tubium":1,"minecraft:lilac":1,"the_vault:chromatic_iron_ore":150,"minecraft:wheat":6,"the_vault:ore_larimar":37,"mekanism:fluorite_ore":1,"minecraft:sea_pickle":1,"minecraft:gray_bed":2,"minecraft:spruce_log":25,"the_vault:ore_black_opal":2,"minecraft:grass":20,"the_vault:ore_benitoite":6,"minecraft:oak_log":21,"minecraft:coal_ore":109,"create:andesite_pillar":1,"minecraft:sand":8,"mekanism:deepslate_fluorite_ore":8,"minecraft:dirt":32,"minecraft:lime_terracotta":1,"quark:spruce_chest":5,"minecraft:gravel":6,"minecraft:crimson_planks":1,"mekanism:deepslate_uranium_ore":8,"minecraft:cobweb":3,"minecraft:smooth_basalt":3,"minecraft:stone_bricks":2,"architects_palette:plating_stairs":2,"minecraft:mossy_stone_bricks":2,"the_vault:coin_pile":24,"minecraft:deepslate":937,"minecraft:fern":2},"minecraft:custom":{"minecraft:mob_kills":269,"minecraft:interact_with_crafting_table":70,"minecraft:open_barrel":1,"minecraft:open_shulker_box":23,"minecraft:leave_game":2,"minecraft:time_since_death":321646,"minecraft:climb_one_cm":4186,"minecraft:sprint_one_cm":834225,"minecraft:walk_one_cm":680811,"minecraft:drop":69,"minecraft:talked_to_villager":1,"minecraft:play_time":324016,"minecraft:deaths":1,"minecraft:sneak_time":7470,"minecraft:walk_under_water_one_cm":84693,"minecraft:jump":8981,"minecraft:interact_with_blast_furnace":47,"minecraft:walk_on_water_one_cm":100695,"minecraft:total_world_time":324016,"minecraft:interact_with_furnace":82,"minecraft:sleep_in_bed":10,"minecraft:time_since_rest":18016,"minecraft:damage_taken":4254,"minecraft:damage_dealt":35025,"minecraft:swim_one_cm":155306,"minecraft:fly_one_cm":1672853,"minecraft:open_chest":372,"minecraft:crouch_one_cm":16819,"minecraft:fall_one_cm":245299},"minecraft:used":{"minecraft:polished_deepslate":28,"minecraft:poppy":1,"minecraft:iron_sword":229,"minecraft:cooked_salmon":17,"minecraft:rotten_flesh":4,"minecraft:oak_door":3,"minecraft:torch":103,"minecraft:dirt":4,"the_vault:vault_crystal":1,"the_vault:sword":69,"the_vault:vault_crate_elixir":1,"minecraft:shulker_box":14,"minecraft:snowball":4,"the_vault:vault_altar":3,"the_vault:cooked_vault_steak":8,"quark:spruce_chest":7,"minecraft:iron_axe":109,"the_vault:tool":1068,"minecraft:iron_helmet":1,"minecraft:crimson_planks":27,"minecraft:stone_bricks":2,"minecraft:bow":1,"minecraft:oak_sapling":1,"minecraft:furnace":8,"minecraft:gray_bed":2,"the_vault:vault_crate_bounty":1,"minecraft:cobbled_deepslate":21,"minecraft:iron_leggings":1,"the_vault:polished_vault_stone":14,"minecraft:mossy_stone_bricks":1,"minecraft:water_bucket":136,"minecraft:stone_pickaxe":202,"minecraft:oak_planks":21,"botania:yellow_mystical_flower":1,"minecraft:wooden_pickaxe":13,"minecraft:salmon":2,"the_vault:tool_station":1,"minecraft:crafting_table":7,"minecraft:white_bed":1,"minecraft:shears":3,"minecraft:spruce_log":4,"minecraft:diamond_pickaxe":1478,"irongenerators:iron_generator":1,"minecraft:stone_button":3,"minecraft:bread":29,"minecraft:iron_pickaxe":418,"minecraft:spruce_sapling":8,"minecraft:stone_axe":69,"minecraft:diamond_sword":103,"minecraft:andesite":34,"minecraft:bucket":137,"quark:oak_chest":10,"minecraft:experience_bottle":11,"the_vault:vault_sweets":91,"minecraft:bone_meal":5,"minecraft:cobweb":3},"minecraft:picked_up":{"the_vault:gem_wutodie":2,"minecraft:crafting_table":5,"minecraft:wheat":5,"the_vault:vault_altar":3,"the_vault:sword":1,"minecraft:stone_brick_stairs":1,"minecraft:crimson_planks":1,"the_vault:wand":1,"minecraft:netherite_ingot":3,"the_vault:vault_crystal":1,"minecraft:string":7,"minecraft:raw_copper":113,"minecraft:cooked_salmon":4,"minecraft:blackstone":16,"minecraft:sea_pickle":6,"quark:spruce_chest":6,"minecraft:cobbled_deepslate":424,"ecologics:azalea_flower":2,"minecraft:calcite":2,"minecraft:poppy":6,"minecraft:iron_pickaxe":3,"the_vault:gem_sparkletine":1,"minecraft:furnace":9,"minecraft:raw_copper_block":20,"minecraft:stripped_crimson_hyphae":7,"minecraft:stick":23,"minecraft:raw_iron":104,"the_vault:jewel_pouch":1,"the_vault:gem_benitoite":3,"the_vault:gem_larimar":18,"minecraft:copper_ingot":2,"the_vault:polished_vault_stone":19,"botania:yellow_mystical_flower":1,"minecraft:torch":5,"the_vault:augment":1,"minecraft:pointed_dripstone":3,"minecraft:stone_button":3,"minecraft:diorite":8,"minecraft:carrot":13,"minecraft:redstone":19,"minecraft:green_terracotta":1,"minecraft:purple_terracotta":1,"minecraft:arrow":17,"minecraft:rotten_flesh":17,"the_vault:leggings":1,"minecraft:peony":1,"ae2:certus_quartz_dust":2,"minecraft:shears":1,"minecraft:hay_block":6,"the_vault:soul_shard":1261,"the_vault:chromatic_steel_ingot":9,"the_vault:vault_silver":2,"supplementaries:ash":6,"minecraft:white_wool":7,"minecraft:snowball":4,"minecraft:obsidian":26,"minecraft:rail":1,"minecraft:cobblestone":330,"minecraft:andesite":89,"minecraft:salmon":19,"minecraft:leather":12,"minecraft:potato":27,"create:raw_zinc":7,"minecraft:flint":2,"minecraft:tuff":45,"quark:music_disc_rain":1,"minecraft:oak_log":104,"supplementaries:flax_seeds":12,"minecraft:gunpowder":19,"minecraft:lapis_lazuli":44,"minecraft:dirt":66,"minecraft:bone":15,"minecraft:apple":1,"minecraft:stone_bricks":2,"minecraft:bow":2,"minecraft:wheat_seeds":20,"the_vault:boots":2,"minecraft:raw_gold":7,"minecraft:iron_ingot":26,"minecraft:stone_pickaxe":1,"the_vault:vault_bronze":66,"minecraft:cobweb":6,"minecraft:mossy_stone_bricks":1,"minecraft:gray_bed":2,"the_vault:vault_cobblestone":1092,"minecraft:mossy_stone_brick_stairs":1,"the_vault:raw_chromatic_iron":150,"minecraft:smooth_basalt":2,"the_vault:gem_black_opal":1,"minecraft:chiseled_stone_bricks":5,"minecraft:sand":5,"patchouli:guide_book":1,"minecraft:dripstone_block":5,"minecraft:lime_terracotta":1,"the_vault:vault_rock":46,"minecraft:gravel":7,"the_vault:chromatic_iron_ingot":90,"minecraft:spruce_sapling":9,"architects_palette:plating_stairs":2,"minecraft:spruce_log":44,"everycomp:mct/quark/azalea_barn_trapdoor":1,"minecraft:shulker_box":14,"minecraft:spider_eye":4,"architects_palette:plating_vertical_slab":2,"minecraft:diamond":25,"minecraft:honey_block":1,"the_vault:ornate_chain":11,"mekanism:fluorite_gem":29,"minecraft:bone_meal":32,"minecraft:emerald":39,"the_vault:bottle":1,"irongenerators:iron_generator":2,"minecraft:bread":22,"minecraft:oak_sapling":1,"minecraft:coal":157,"minecraft:diamond_pickaxe":1},"minecraft:broken":{"minecraft:stone_axe":1,"minecraft:iron_pickaxe":1},"minecraft:killed_by":{"minecraft:skeleton":1}},"DataVersion":2975}