{"stats":{"minecraft:crafted":{"minecraft:oak_planks":56,"minecraft:shulker_box":1,"minecraft:cooked_mutton":6,"minecraft:glass":3,"minecraft:stone_pickaxe":1,"quark:spruce_chest":1,"the_vault:polished_vault_stone":5,"minecraft:cooked_beef":14,"minecraft:crafting_table":1,"minecraft:iron_helmet":1,"minecraft:air":441,"minecraft:charcoal":7,"the_vault:chromatic_iron_ingot":116,"minecraft:shield":1,"minecraft:stick":20,"quark:oak_chest":1,"minecraft:iron_ingot":25,"minecraft:gold_ingot":5},"minecraft:killed":{"the_vault:vault_spider":4,"minecraft:spider":5,"minecraft:slime":6,"the_vault:vault_fighter":18,"minecraft:skeleton":7,"the_vault:skeleton_pirate_t0":10,"minecraft:drowned":19,"minecraft:pig":1,"the_vault:overgrown_zombie_t0":9,"minecraft:creeper":2,"minecraft:sheep":5,"minecraft:zombie":5,"minecraft:cow":13},"minecraft:dropped":{"minecraft:iron_ingot":1,"minecraft:bread":22,"minecraft:iron_sword":2,"minecraft:wheat_seeds":31,"the_vault:ornate_ingot":4,"the_vault:polished_vault_stone":1,"minecraft:oak_log":5,"minecraft:apple":1,"minecraft:rail":2,"minecraft:coal":13,"minecraft:stick":14,"minecraft:dirt":3,"the_vault:quest_book":2,"minecraft:stone_button":3,"minecraft:iron_leggings":1,"minecraft:iron_pickaxe":1,"minecraft:iron_shovel":2,"minecraft:pink_tulip":2,"minecraft:furnace":1,"minecraft:blackstone":1,"minecraft:cobbled_deepslate":1,"minecraft:raw_iron":2,"minecraft:oak_planks":2,"minecraft:cooked_mutton":6,"the_vault:vault_rock":6,"minecraft:poppy":1,"minecraft:shield":1,"the_vault:bottle":1,"the_vault:wand":1,"minecraft:azalea_leaves":13,"minecraft:charcoal":7,"minecraft:andesite":4,"minecraft:oak_sapling":2,"ae2:certus_quartz_dust":2,"minecraft:spider_eye":2,"minecraft:stripped_crimson_hyphae":6,"minecraft:bow":1,"minecraft:stone_pickaxe":1,"the_vault:vault_cobblestone":128,"minecraft:stone_brick_stairs":1,"the_vault:cooked_vault_steak":1,"minecraft:oak_leaves":4},"minecraft:mined":{"minecraft:tuff":4,"auxiliaryblocks:dirty_sand":4,"minecraft:shulker_box":6,"minecraft:stone_button":1,"minecraft:stripped_crimson_hyphae":3,"minecraft:purple_terracotta":5,"minecraft:grass_block":23,"ecologics:coconut_leaves":1,"minecraft:sandstone":2,"ecologics:coconut_log":1,"minecraft:spruce_leaves":7,"architects_palette:chiseled_tuff":1,"minecraft:large_fern":1,"minecraft:hay_block":26,"minecraft:redstone_ore":1,"minecraft:red_concrete_powder":2,"the_vault:vault_stone":14,"minecraft:iron_ore":33,"the_vault:vault_cobblestone":2,"minecraft:cobbled_deepslate":2,"minecraft:snow":2,"the_vault:vault_altar":2,"minecraft:andesite":92,"minecraft:deepslate_lapis_ore":2,"auxiliaryblocks:rocky_sand":1,"minecraft:pointed_dripstone":3,"minecraft:red_tulip":1,"minecraft:flowering_azalea_leaves":18,"minecraft:pink_tulip":1,"minecraft:azalea_leaves":13,"thermal:apple_block":12,"minecraft:stone":87,"minecraft:podzol":3,"minecraft:deepslate_redstone_ore":10,"quark:oak_chest":1,"minecraft:snow_block":1,"quark:spruce_bookshelf":1,"minecraft:smooth_sandstone":3,"minecraft:crafting_table":5,"minecraft:torch":2,"minecraft:blast_furnace":8,"minecraft:emerald_ore":1,"minecraft:poppy":5,"the_vault:black_market":1,"minecraft:deepslate_coal_ore":6,"minecraft:cobblestone":7,"minecraft:copper_ore":1,"minecraft:tall_grass":85,"the_vault:polished_vault_stone":1,"minecraft:diorite":4,"minecraft:deepslate_gold_ore":5,"minecraft:lapis_ore":4,"minecraft:grindstone":1,"minecraft:sugar_cane":3,"minecraft:damaged_anvil":1,"architects_palette:heavy_mossy_stone_bricks":1,"supplementaries:urn":1,"the_vault:chromatic_iron_ore":99,"minecraft:lilac":2,"the_vault:ore_larimar":1,"minecraft:gray_bed":2,"minecraft:spruce_log":6,"architects_palette:tuff_bricks":1,"minecraft:stone_brick_stairs":1,"the_vault:ore_benitoite":1,"minecraft:grass":247,"minecraft:dead_brain_coral_block":2,"minecraft:coal_ore":40,"minecraft:oak_log":107,"botania:yellow_mystical_flower":1,"minecraft:sand":25,"minecraft:dripstone_block":2,"minecraft:gravel":44,"minecraft:dirt":13,"create:andesite_pillar":1,"ae2:deepslate_quartz_ore":1,"thermal:carrot_block":7,"the_vault:coin_pile":12,"minecraft:oak_leaves":31,"minecraft:deepslate":49},"minecraft:custom":{"minecraft:mob_kills":109,"minecraft:interact_with_crafting_table":28,"minecraft:open_barrel":3,"minecraft:open_shulker_box":8,"minecraft:eat_cake_slice":4,"minecraft:time_since_death":40765,"minecraft:climb_one_cm":1116,"minecraft:sprint_one_cm":1137206,"minecraft:walk_one_cm":601090,"minecraft:drop":159,"minecraft:talked_to_villager":3,"minecraft:target_hit":2,"minecraft:play_time":268656,"minecraft:deaths":9,"minecraft:sneak_time":872,"minecraft:walk_under_water_one_cm":28780,"minecraft:jump":4930,"minecraft:interact_with_blast_furnace":48,"minecraft:walk_on_water_one_cm":49314,"minecraft:total_world_time":268656,"minecraft:interact_with_furnace":32,"minecraft:sleep_in_bed":12,"minecraft:time_since_rest":18016,"minecraft:damage_taken":4289,"minecraft:damage_absorbed":84,"minecraft:damage_dealt":11960,"minecraft:swim_one_cm":106929,"minecraft:fly_one_cm":926331,"minecraft:open_chest":252,"minecraft:crouch_one_cm":1712,"minecraft:fall_one_cm":126207},"minecraft:used":{"minecraft:iron_shovel":94,"minecraft:spruce_planks":1,"minecraft:iron_sword":213,"minecraft:iron_chestplate":1,"minecraft:torch":16,"minecraft:dirt":20,"the_vault:vault_crystal":3,"minecraft:shulker_box":6,"minecraft:tuff":4,"minecraft:dead_brain_coral_block":2,"the_vault:vault_altar":3,"the_vault:cooked_vault_steak":8,"architects_palette:chiseled_tuff":1,"quark:spruce_chest":1,"minecraft:iron_axe":156,"the_vault:black_market":1,"the_vault:tool":81,"minecraft:iron_boots":1,"the_vault:axe":20,"minecraft:bow":52,"the_vault:vault_cobblestone":2,"minecraft:hay_block":1,"minecraft:oak_sapling":5,"minecraft:furnace":1,"minecraft:gray_bed":2,"minecraft:cooked_beef":10,"minecraft:cobbled_deepslate":55,"the_vault:polished_vault_stone":1,"minecraft:damaged_anvil":1,"minecraft:stone_pickaxe":80,"minecraft:oak_planks":11,"minecraft:crafting_table":6,"minecraft:blast_furnace":8,"minecraft:purple_terracotta":5,"minecraft:shears":39,"architects_palette:tuff_bricks":1,"minecraft:apple":3,"minecraft:bread":7,"minecraft:stone_button":2,"minecraft:iron_pickaxe":403,"minecraft:cobblestone":53,"minecraft:grindstone":1,"minecraft:andesite":85,"quark:oak_chest":10,"the_vault:vault_sweets":63},"minecraft:picked_up":{"minecraft:iron_chestplate":1,"minecraft:crafting_table":5,"the_vault:vault_altar":3,"minecraft:diamond_sword":1,"minecraft:stone_brick_stairs":1,"the_vault:wand":2,"minecraft:string":2,"the_vault:vault_crystal":3,"minecraft:raw_copper":2,"minecraft:cooked_salmon":2,"minecraft:iron_shovel":1,"minecraft:blackstone":1,"the_vault:axe":1,"minecraft:cobbled_deepslate":56,"ecologics:azalea_flower":1,"minecraft:spruce_planks":3,"minecraft:beef":26,"the_vault:quest_book":2,"minecraft:azalea_leaves":19,"minecraft:iron_pickaxe":2,"minecraft:poppy":5,"minecraft:sugar_cane":8,"supplementaries:rope":6,"minecraft:iron_boots":1,"minecraft:furnace":1,"minecraft:stripped_crimson_hyphae":6,"minecraft:stick":6,"minecraft:raw_iron":34,"minecraft:sandstone":2,"the_vault:jewel_pouch":1,"the_vault:gem_benitoite":1,"auxiliaryblocks:rocky_sand":1,"the_vault:polished_vault_stone":1,"minecraft:torch":3,"minecraft:flowering_azalea_leaves":18,"minecraft:porkchop":1,"the_vault:cooked_vault_steak":1,"minecraft:stone_button":4,"minecraft:pointed_dripstone":10,"minecraft:diorite":4,"minecraft:redstone":50,"minecraft:purple_terracotta":5,"minecraft:diamond_chestplate":1,"thermal:apple_block":12,"minecraft:arrow":5,"minecraft:rotten_flesh":5,"ae2:certus_quartz_dust":2,"minecraft:peony":2,"the_vault:leggings":1,"minecraft:hay_block":26,"minecraft:red_tulip":1,"minecraft:pink_tulip":4,"the_vault:soul_shard":451,"the_vault:black_market":1,"the_vault:vault_silver":2,"supplementaries:ash":2,"minecraft:mutton":6,"minecraft:rail":1,"minecraft:white_wool":4,"minecraft:cobblestone":92,"minecraft:lilac":1,"minecraft:andesite":92,"minecraft:leather":11,"architects_palette:tuff_bricks":1,"minecraft:flint":4,"minecraft:tuff":4,"minecraft:oak_log":106,"minecraft:gunpowder":1,"the_vault:ornate_ingot":4,"minecraft:lapis_lazuli":38,"minecraft:dirt":35,"minecraft:smooth_sandstone":3,"architects_palette:chiseled_tuff":1,"minecraft:bone":4,"minecraft:apple":1,"minecraft:bow":1,"minecraft:wheat_seeds":56,"minecraft:raw_gold":5,"minecraft:grindstone":1,"the_vault:tool":1,"the_vault:vault_bronze":33,"minecraft:gray_bed":2,"the_vault:vault_cobblestone":143,"the_vault:vault_diamond":3,"minecraft:oak_planks":2,"the_vault:raw_chromatic_iron":116,"minecraft:red_concrete_powder":2,"minecraft:sand":21,"minecraft:dripstone_block":2,"minecraft:gravel":40,"minecraft:dandelion":1,"the_vault:vault_rock":7,"minecraft:spruce_sapling":1,"minecraft:blast_furnace":8,"auxiliaryblocks:dirty_sand":4,"minecraft:spruce_log":5,"minecraft:spider_eye":1,"quark:oak_chest":1,"minecraft:shulker_box":6,"minecraft:dead_brain_coral_block":2,"minecraft:grass":8,"minecraft:emerald":1,"minecraft:oak_sapling":7,"thermal:carrot_block":7,"minecraft:damaged_anvil":1,"minecraft:coal":45,"minecraft:oak_leaves":4},"minecraft:broken":{"minecraft:iron_pickaxe":1},"minecraft:killed_by":{"minecraft:creeper":2,"the_vault:pirate_bruiser_guardian":1,"minecraft:skeleton":3,"minecraft:zombie":1}},"DataVersion":2975}