{"stats":{"minecraft:crafted":{"the_vault:black_market":1,"minecraft:air":12,"minecraft:iron_ingot":22,"the_vault:bounty_block":1},"minecraft:killed":{"the_vault:vault_spider":10,"minecraft:slime":35,"the_vault:vault_fighter":36,"the_vault:overgrown_zombie_t0":41,"the_vault:skeleton_pirate_t0":23,"minecraft:drowned":37},"minecraft:dropped":{"minecraft:iron_ingot":1,"minecraft:bread":23,"minecraft:iron_sword":1,"minecraft:purple_terracotta":2,"the_vault:boots":2,"minecraft:wheat_seeds":4,"supplementaries:jar":1,"minecraft:iron_helmet":1,"everycomp:mct/quark/azalea_barn_trapdoor":1,"create:cut_scorchia":1,"minecraft:poppy":1,"minecraft:dirt":9,"the_vault:wand":1,"quark:gold_button":2,"quark:azalea_planks_slab":2,"minecraft:stone_brick_wall":1,"minecraft:oak_sapling":1,"architects_palette:withered_osseous_pillar":1,"minecraft:stone_bricks":2,"the_vault:leggings":1,"create:andesite_pillar":1,"thermal:carrot_block":1,"auxiliaryblocks:dirty_sand":1,"minecraft:iron_pickaxe":1,"the_vault:jewel_pouch":2,"the_vault:soul_shard":20,"the_vault:tool":1},"minecraft:mined":{"minecraft:tuff":5,"auxiliaryblocks:dirty_sand":1,"architects_palette:lit_withered_osseous_skull":1,"architects_palette:withered_osseous_pillar":1,"quark:azalea_planks_slab":2,"minecraft:stripped_crimson_hyphae":1,"minecraft:purple_terracotta":13,"minecraft:grass_block":11,"minecraft:stone_brick_wall":1,"minecraft:poppy":2,"minecraft:moss_block":1,"minecraft:tall_grass":3,"auxiliaryblocks:orange_gelatin":1,"minecraft:damaged_anvil":1,"minecraft:gilded_blackstone":4,"everycomp:mct/quark/azalea_barn_trapdoor":1,"quark:lime_shingles_slab":1,"minecraft:cobblestone_wall":1,"the_vault:vault_crate_elixir":1,"minecraft:green_terracotta":1,"architects_palette:tuff_bricks":1,"architects_palette:overgrown_algal_bricks":2,"create:cut_scorchia":1,"minecraft:peony":1,"decorative_blocks:chain":1,"minecraft:grass":6,"minecraft:dead_brain_coral_block":3,"minecraft:flowering_azalea_leaves":1,"supplementaries:jar":1,"quark:gold_button":1,"create:andesite_pillar":1,"minecraft:cracked_stone_bricks":1,"thermal:carrot_block":1,"minecraft:stone_bricks":1,"minecraft:oak_leaves":3,"the_vault:coin_pile":121},"minecraft:custom":{"minecraft:interact_with_furnace":1,"minecraft:interact_with_anvil":1,"minecraft:mob_kills":185,"minecraft:interact_with_crafting_table":9,"minecraft:tune_noteblock":3,"minecraft:open_barrel":5,"minecraft:interact_with_loom":1,"minecraft:open_shulker_box":3,"minecraft:bell_ring":2,"minecraft:interact_with_grindstone":2,"minecraft:time_since_death":121207,"minecraft:sleep_in_bed":6,"minecraft:climb_one_cm":3592,"minecraft:time_since_rest":18016,"minecraft:damage_absorbed":60,"minecraft:sprint_one_cm":417720,"minecraft:walk_one_cm":484383,"minecraft:damage_taken":1251,"minecraft:drop":39,"minecraft:damage_dealt":17845,"minecraft:play_noteblock":1,"minecraft:talked_to_villager":6,"minecraft:fly_one_cm":149423,"minecraft:open_chest":303,"minecraft:crouch_one_cm":1757,"minecraft:play_time":165371,"minecraft:deaths":1,"minecraft:sneak_time":698,"minecraft:aviate_one_cm":2641,"minecraft:jump":1488,"minecraft:interact_with_blast_furnace":7,"minecraft:walk_on_water_one_cm":12635,"minecraft:total_world_time":165371,"minecraft:fall_one_cm":26845},"minecraft:used":{"minecraft:stone_sword":130,"minecraft:iron_sword":178,"minecraft:dirt":1,"the_vault:sword":111,"the_vault:vault_crate_elixir":3,"minecraft:purple_terracotta":10,"minecraft:tuff":5,"architects_palette:lit_withered_osseous_skull":1,"minecraft:bread":5,"minecraft:iron_pickaxe":103,"the_vault:black_market":1,"the_vault:tool":63,"architects_palette:overgrown_algal_bricks":1,"the_vault:bounty_block":1,"the_vault:vault_sweets":39},"minecraft:picked_up":{"minecraft:iron_chestplate":1,"create:cut_scorchia":1,"architects_palette:tuff_bricks":1,"the_vault:sword":1,"minecraft:stone_brick_wall":2,"minecraft:gilded_blackstone":3,"minecraft:tuff":5,"the_vault:wand":2,"minecraft:shield":1,"minecraft:cobblestone_wall":1,"supplementaries:jar":1,"minecraft:dirt":10,"minecraft:string":1,"the_vault:vault_crate_elixir":3,"minecraft:stone_bricks":3,"minecraft:wheat_seeds":4,"the_vault:boots":3,"minecraft:gold_nugget":3,"minecraft:iron_ingot":8,"minecraft:poppy":2,"the_vault:vault_bronze":334,"minecraft:iron_pickaxe":2,"minecraft:moss_block":1,"minecraft:iron_sword":2,"minecraft:iron_boots":1,"the_vault:jewel_pouch":1,"quark:lime_shingles_slab":1,"create:andesite_pillar":2,"quark:gold_button":2,"the_vault:vault_gold":1,"the_vault:focus":1,"auxiliaryblocks:dirty_sand":1,"everycomp:mct/quark/azalea_barn_trapdoor":1,"minecraft:purple_terracotta":12,"architects_palette:lit_withered_osseous_skull":1,"the_vault:leggings":2,"quark:azalea_planks_slab":2,"decorative_blocks:chain":1,"architects_palette:overgrown_algal_bricks":2,"minecraft:iron_helmet":2,"minecraft:dead_brain_coral_block":3,"the_vault:soul_shard":1121,"minecraft:bread":34,"the_vault:vault_silver":17,"architects_palette:withered_osseous_pillar":1,"minecraft:damaged_anvil":1,"minecraft:oak_sapling":1,"thermal:carrot_block":1},"minecraft:broken":{"minecraft:stone_sword":1},"minecraft:killed_by":{"the_vault:bruiser_guardian":1}},"DataVersion":2975}