{"stats":{"minecraft:crafted":{"the_vault:vault_altar":1,"minecraft:oak_planks":8,"the_vault:jewel_crafting_table":1,"minecraft:stone":16,"minecraft:shulker_box":2,"minecraft:glass":7,"the_vault:perfect_benitoite":1,"minecraft:copper_block":1,"minecraft:glass_bottle":3,"the_vault:shard_pouch":1,"minecraft:crafting_table":1,"minecraft:spruce_planks":4,"minecraft:iron_chestplate":1,"minecraft:diamond_pickaxe":1,"minecraft:charcoal":1,"minecraft:shield":1,"minecraft:stick":36,"quark:oak_chest":9,"minecraft:iron_ingot":77,"minecraft:iron_pickaxe":3,"the_vault:vault_recycler":1,"minecraft:bone_meal":6,"minecraft:flint_and_steel":1,"minecraft:glass_pane":16,"minecraft:iron_axe":1,"minecraft:iron_hoe":1,"the_vault:polished_vault_stone":9,"quark:spruce_chest":2,"minecraft:cooked_beef":12,"the_vault:perfect_larimar":1,"minecraft:diamond_sword":1,"minecraft:iron_sword":1,"minecraft:cooked_salmon":14,"minecraft:bucket":1,"minecraft:stone_axe":1,"minecraft:air":810,"the_vault:chromatic_iron_ingot":134,"irongenerators:iron_generator":1,"minecraft:torch":40},"minecraft:killed":{"minecraft:spider":9,"the_vault:vault_fighter":82,"minecraft:skeleton":13,"the_vault:skeleton_pirate_t0":29,"minecraft:silverfish":3,"the_vault:crystal_bruiser_guardian":4,"minecraft:piglin":5,"minecraft:salmon":20,"minecraft:creeper":8,"the_vault:overgrown_zombie_t0":56,"minecraft:zombie":14,"the_vault:mushroom_t0":32,"the_vault:vault_spider":14,"the_vault:levishroom":18,"minecraft:slime":48,"minecraft:phantom":1,"the_vault:crystal_arbalist_guardian":2,"minecraft:drowned":41},"minecraft:dropped":{"the_vault:raw_chromatic_iron":16,"the_vault:ornate_ingot":9,"the_vault:gilded_ingot":49,"the_vault:knowledge_star_essence":46,"minecraft:crafting_table":1,"the_vault:living_rock":164,"the_vault:silver_scrap":14,"the_vault:shield":1,"minecraft:elytra":3,"minecraft:flint":2,"minecraft:dirt":40,"the_vault:quest_book":1,"the_vault:bounty_pearl":2,"the_vault:vault_plating":37,"minecraft:phantom_membrane":2,"minecraft:purple_wool":2,"minecraft:iron_pickaxe":3,"the_vault:chestplate":1,"the_vault:vault_sweets":65,"minecraft:bone":3,"minecraft:gravel":7,"minecraft:blackstone":2,"the_vault:vault_altar":1,"minecraft:cobbled_deepslate":11,"the_vault:vault_crate_monolith":1,"minecraft:obsidian":4,"minecraft:rotten_flesh":7,"the_vault:sword":4,"create:cut_andesite_bricks":1,"the_vault:vault_rock":4,"minecraft:shulker_shell":2,"supplementaries:flax_seeds":12,"supplementaries:ash":4,"the_vault:sandy_rocks":123,"the_vault:velvet":2,"the_vault:soot":10,"the_vault:magic_silk":36,"the_vault:vault_cobblestone":64,"minecraft:netherrack":4,"the_vault:vault_meat":41,"minecraft:firework_rocket":5,"minecraft:iron_ingot":6,"minecraft:bread":11,"the_vault:carbon_nugget":65,"the_vault:boots":1,"minecraft:wheat_seeds":1,"the_vault:overgrown_wooden_chunk":19,"minecraft:iron_helmet":1,"minecraft:cobblestone":15,"minecraft:apple":1,"quark:music_disc_rain":1,"minecraft:copper_ingot":5,"minecraft:purple_dye":3,"the_vault:vault_crate_elixir":4,"minecraft:stick":10,"minecraft:cobweb":3,"the_vault:driftwood":76,"the_vault:ornate_chain":19,"minecraft:torch":1,"minecraft:cooked_salmon":2,"the_vault:leggings":1,"minecraft:string":5,"minecraft:spruce_sapling":1,"minecraft:smooth_basalt":2,"the_vault:soul_shard":64,"minecraft:redstone":1,"the_vault:amplifying_focus":4,"the_vault:rotten_meat":57,"minecraft:raw_copper":3,"minecraft:tuff":3,"minecraft:experience_bottle":32,"minecraft:raw_iron":1,"the_vault:wooden_chunk":134,"minecraft:iron_boots":2,"minecraft:diamond_sword":1,"the_vault:gilded_sconce":18,"minecraft:diamond_chestplate":1,"minecraft:peony":1,"minecraft:spruce_planks":8,"minecraft:iron_chestplate":2,"the_vault:axe":1,"minecraft:andesite":10,"the_vault:vault_bronze":43,"minecraft:spider_eye":1,"minecraft:stone_bricks":12,"the_vault:vault_diamond":22,"the_vault:vault_essence":26,"minecraft:stone_pickaxe":2,"minecraft:bow":2,"minecraft:wooden_pickaxe":1,"minecraft:stripped_spruce_wood":1,"the_vault:mossy_bone":20,"the_vault:shard_pouch":1,"the_vault:topaz_shard":22,"the_vault:tool":1,"the_vault:nullifying_focus":1},"minecraft:mined":{"create:deepslate_zinc_ore":8,"minecraft:spruce_planks":1,"minecraft:obsidian":31,"minecraft:stripped_crimson_hyphae":7,"minecraft:grass_block":20,"quark:yellow_corundum":1,"minecraft:spawner":1,"minecraft:chiseled_stone_bricks":8,"minecraft:gilded_blackstone":1,"minecraft:glowstone":4,"minecraft:iron_ore":61,"minecraft:fire":3,"minecraft:cobbled_deepslate":1,"minecraft:cave_vines":1,"minecraft:flowering_azalea_leaves":1,"minecraft:deepslate_redstone_ore":20,"the_vault:ore_alexandrite":2,"minecraft:blackstone":20,"minecraft:torch":1,"the_vault:ore_sparkletine":1,"minecraft:calcite":2,"minecraft:poppy":11,"minecraft:nether_quartz_ore":7,"minecraft:sugar_cane":11,"botania:black_mystical_flower":1,"the_vault:ore_tubium":1,"mekanism:fluorite_ore":1,"minecraft:wheat":6,"the_vault:ore_larimar":38,"minecraft:lilac":1,"minecraft:grass":70,"the_vault:ore_black_opal":2,"the_vault:ore_benitoite":6,"minecraft:oak_log":21,"minecraft:lime_terracotta":1,"minecraft:sand":16,"minecraft:dirt":32,"minecraft:crimson_planks":1,"create:andesite_pillar":1,"minecraft:stripped_birch_wood":1,"minecraft:smooth_basalt":3,"auxiliaryblocks:yellow_gelatin":1,"minecraft:netherrack":89,"minecraft:deepslate":937,"the_vault:coin_pile":123,"minecraft:tuff":43,"minecraft:deepslate_diamond_ore":17,"architects_palette:plating_vertical_slab":2,"minecraft:shulker_box":23,"ecologics:azalea_flower":2,"minecraft:purple_terracotta":1,"minecraft:stone_button":1,"the_vault:tool_station":1,"minecraft:spruce_leaves":3,"minecraft:moss_block":1,"minecraft:hay_block":6,"minecraft:furnace":6,"minecraft:carrots":6,"the_vault:vault_stone":1175,"the_vault:vault_altar":4,"minecraft:andesite":55,"minecraft:green_terracotta":1,"create:cut_andesite_bricks":1,"minecraft:peony":1,"minecraft:mossy_stone_brick_stairs":3,"minecraft:potatoes":12,"decorative_blocks:spruce_beam":18,"minecraft:deepslate_iron_ore":45,"irongenerators:iron_generator":1,"minecraft:stone":320,"auxiliaryblocks:yellow_frameless_glass":1,"the_vault:ore_wutodie":6,"minecraft:crafting_table":4,"minecraft:cornflower":5,"minecraft:honey_block":1,"minecraft:copper_ore":34,"minecraft:tall_grass":7,"minecraft:deepslate_gold_ore":6,"auxiliaryblocks:orange_crystal":2,"minecraft:lapis_ore":5,"minecraft:diorite":10,"supplementaries:urn":5,"minecraft:purple_wool":1,"the_vault:chromatic_iron_ore":150,"minecraft:stripped_spruce_wood":2,"minecraft:sea_pickle":1,"minecraft:spruce_log":25,"minecraft:gray_bed":2,"minecraft:coal_ore":109,"quark:spruce_chest":5,"minecraft:gravel":14,"mekanism:deepslate_fluorite_ore":8,"minecraft:cobweb":3,"mekanism:deepslate_uranium_ore":8,"minecraft:stone_bricks":2,"minecraft:mossy_stone_bricks":2,"architects_palette:plating_stairs":2,"minecraft:fern":2},"minecraft:custom":{"minecraft:interact_with_crafting_table":93,"minecraft:open_barrel":1,"minecraft:open_shulker_box":49,"minecraft:time_since_death":465646,"minecraft:leave_game":2,"minecraft:sprint_one_cm":1095469,"minecraft:drop":458,"minecraft:talked_to_villager":1,"minecraft:play_time":468016,"minecraft:deaths":1,"minecraft:jump":12252,"minecraft:walk_on_water_one_cm":109336,"minecraft:interact_with_furnace":92,"minecraft:sleep_in_bed":16,"minecraft:damage_dealt":56851,"minecraft:crouch_one_cm":17330,"minecraft:mob_kills":404,"minecraft:climb_one_cm":4214,"minecraft:walk_one_cm":965106,"minecraft:sneak_time":7799,"minecraft:walk_under_water_one_cm":94132,"minecraft:interact_with_blast_furnace":47,"minecraft:total_world_time":468016,"minecraft:time_since_rest":6383,"minecraft:damage_taken":6362,"minecraft:damage_absorbed":40,"minecraft:swim_one_cm":182315,"minecraft:fly_one_cm":2500511,"minecraft:open_chest":873,"minecraft:aviate_one_cm":354337,"minecraft:fall_one_cm":349668},"minecraft:used":{"minecraft:polished_deepslate":42,"minecraft:elytra":1,"minecraft:poppy":1,"minecraft:iron_sword":229,"minecraft:rotten_flesh":4,"the_vault:vault_crystal":1,"minecraft:carrot":23,"the_vault:vault_crate_elixir":3,"the_vault:sword":251,"the_vault:vault_recycler":1,"minecraft:obsidian":15,"minecraft:snowball":4,"the_vault:cooked_vault_steak":8,"minecraft:iron_helmet":1,"the_vault:tool":1392,"minecraft:stone_bricks":2,"minecraft:bow":1,"minecraft:furnace":8,"minecraft:oak_sapling":1,"minecraft:gray_bed":3,"minecraft:potato":28,"the_vault:vault_crate_bounty":3,"minecraft:mossy_stone_bricks":1,"minecraft:stone_pickaxe":202,"minecraft:oak_planks":35,"minecraft:wooden_pickaxe":13,"minecraft:sugar_cane":16,"minecraft:golden_apple":1,"minecraft:shears":3,"minecraft:firework_rocket":9,"irongenerators:iron_generator":1,"minecraft:dark_oak_log":3,"minecraft:bread":29,"minecraft:stone_button":4,"minecraft:diamond_sword":103,"minecraft:andesite":34,"minecraft:purple_wool":1,"minecraft:cobweb":3,"minecraft:bone_meal":5,"the_vault:vault_sweets":178,"minecraft:experience_bottle":11,"minecraft:flint_and_steel":1,"minecraft:spruce_planks":47,"botania:black_mystical_flower":1,"minecraft:cooked_salmon":17,"minecraft:oak_door":3,"minecraft:torch":103,"minecraft:dirt":4,"minecraft:shulker_box":23,"the_vault:vault_altar":4,"minecraft:iron_hoe":86,"the_vault:jewel_crafting_table":1,"quark:spruce_chest":7,"minecraft:iron_axe":109,"minecraft:crimson_planks":27,"the_vault:vault_crate_monolith":1,"minecraft:cobbled_deepslate":21,"minecraft:iron_leggings":1,"minecraft:wheat_seeds":27,"the_vault:polished_vault_stone":14,"minecraft:water_bucket":158,"botania:yellow_mystical_flower":1,"minecraft:salmon":2,"the_vault:tool_station":2,"minecraft:crafting_table":7,"minecraft:white_bed":1,"minecraft:spruce_log":4,"minecraft:diamond_pickaxe":1478,"minecraft:iron_pickaxe":418,"minecraft:spruce_sapling":8,"minecraft:stone_axe":69,"minecraft:bucket":159,"quark:oak_chest":11},"minecraft:picked_up":{"minecraft:shulker_shell":2,"the_vault:gem_wutodie":2,"minecraft:wheat":12,"the_vault:rotten_meat":48,"the_vault:vault_altar":4,"the_vault:magnet":1,"minecraft:stone_brick_stairs":1,"minecraft:crimson_planks":1,"the_vault:wand":3,"minecraft:string":7,"the_vault:vault_crate_elixir":4,"minecraft:raw_copper":113,"minecraft:cooked_salmon":4,"minecraft:netherite_ingot":3,"minecraft:experience_bottle":65,"minecraft:sea_pickle":6,"minecraft:cobbled_deepslate":424,"minecraft:spruce_planks":1,"minecraft:calcite":2,"minecraft:iron_pickaxe":3,"auxiliaryblocks:yellow_gelatin":1,"minecraft:furnace":9,"the_vault:gem_sparkletine":1,"minecraft:stick":23,"the_vault:jewel_pouch":1,"the_vault:gem_larimar":34,"the_vault:polished_vault_stone":19,"minecraft:torch":5,"botania:yellow_mystical_flower":1,"minecraft:diorite":8,"minecraft:pointed_dripstone":3,"minecraft:green_terracotta":1,"the_vault:amplifying_focus":4,"minecraft:rotten_flesh":19,"the_vault:overgrown_wooden_chunk":17,"the_vault:soul_shard":2144,"the_vault:vault_silver":31,"supplementaries:ash":6,"botania:blue_double_flower":1,"minecraft:stripped_birch_wood":1,"minecraft:obsidian":45,"the_vault:chestplate":3,"minecraft:snowball":4,"minecraft:cobblestone":332,"minecraft:andesite":89,"the_vault:shard_pouch":1,"minecraft:potato":59,"the_vault:vault_sweets":63,"minecraft:flint":3,"minecraft:stripped_spruce_wood":2,"minecraft:tuff":45,"create:raw_zinc":7,"supplementaries:flax_seeds":12,"the_vault:ornate_ingot":9,"minecraft:lapis_lazuli":44,"minecraft:dirt":96,"minecraft:glass":2,"minecraft:bone":15,"minecraft:bow":2,"minecraft:wheat_seeds":47,"minecraft:raw_gold":7,"the_vault:tool":1,"minecraft:mossy_stone_bricks":1,"minecraft:glowstone_dust":13,"minecraft:moss_block":1,"the_vault:vault_cobblestone":1157,"the_vault:gilded_ingot":49,"minecraft:oak_planks":15,"minecraft:mossy_stone_brick_stairs":1,"patchouli:guide_book":1,"the_vault:gem_black_opal":1,"minecraft:poisonous_potato":1,"minecraft:lime_terracotta":1,"the_vault:vault_rock":48,"minecraft:sand":9,"create:cut_andesite_bricks":1,"the_vault:chromatic_iron_ingot":118,"architects_palette:plating_stairs":2,"minecraft:dark_oak_log":3,"the_vault:focus":2,"the_vault:helmet":1,"minecraft:shulker_box":23,"decorative_blocks:spruce_beam":17,"minecraft:diamond":25,"the_vault:ornate_chain":11,"minecraft:bone_meal":32,"minecraft:golden_apple":1,"irongenerators:iron_generator":2,"minecraft:bread":22,"minecraft:emerald":101,"minecraft:oak_sapling":1,"minecraft:netherrack":87,"minecraft:diamond_pickaxe":1,"minecraft:crafting_table":5,"minecraft:purple_wool":1,"the_vault:gem_painite":2,"the_vault:sword":5,"minecraft:cornflower":5,"the_vault:vault_crystal":1,"minecraft:elytra":2,"minecraft:blackstone":16,"the_vault:axe":3,"quark:spruce_chest":6,"ecologics:azalea_flower":2,"minecraft:poppy":11,"minecraft:sugar_cane":33,"minecraft:phantom_membrane":3,"minecraft:raw_copper_block":20,"minecraft:raw_iron":104,"minecraft:stripped_crimson_hyphae":7,"the_vault:gem_benitoite":4,"minecraft:copper_ingot":2,"the_vault:shield":3,"the_vault:augment":1,"minecraft:stone_button":4,"minecraft:carrot":22,"minecraft:redstone":19,"minecraft:purple_terracotta":1,"quark:yellow_corundum":1,"minecraft:arrow":17,"ae2:certus_quartz_dust":2,"minecraft:peony":2,"the_vault:leggings":3,"minecraft:shears":1,"minecraft:hay_block":6,"the_vault:knowledge_star_essence":27,"the_vault:chromatic_steel_ingot":9,"the_vault:vault_crate_monolith":1,"minecraft:rail":1,"minecraft:white_wool":15,"minecraft:oxeye_daisy":1,"the_vault:gilded_sconce":18,"minecraft:salmon":19,"minecraft:leather":12,"the_vault:nullifying_focus":1,"minecraft:oak_log":104,"quark:music_disc_rain":1,"minecraft:gunpowder":19,"botania:black_mystical_flower":1,"minecraft:apple":1,"minecraft:stone_bricks":2,"the_vault:black_chromatic_steel_ingot":1,"the_vault:boots":4,"minecraft:iron_ingot":26,"minecraft:stone_pickaxe":1,"minecraft:cobweb":6,"the_vault:vault_bronze":415,"the_vault:living_rock":157,"minecraft:gray_bed":3,"the_vault:raw_chromatic_iron":150,"minecraft:smooth_basalt":2,"minecraft:chiseled_stone_bricks":5,"minecraft:quartz":17,"minecraft:dripstone_block":5,"the_vault:bounty_pearl":2,"minecraft:gravel":14,"minecraft:spruce_sapling":9,"minecraft:spruce_log":44,"minecraft:spider_eye":4,"everycomp:mct/quark/azalea_barn_trapdoor":1,"minecraft:firework_rocket":2,"architects_palette:plating_vertical_slab":2,"minecraft:honey_block":1,"mekanism:fluorite_gem":29,"the_vault:velvet":2,"the_vault:bottle":1,"the_vault:tool_station":1,"the_vault:mossy_bone":17,"minecraft:coal":157},"minecraft:killed_by":{"minecraft:skeleton":1},"minecraft:broken":{"minecraft:stone_axe":1,"minecraft:iron_pickaxe":1}},"DataVersion":2975}