{"stats":{"minecraft:crafted":{"minecraft:oak_planks":68,"minecraft:cooked_mutton":6,"minecraft:shulker_box":1,"minecraft:glass":3,"minecraft:crafting_table":1,"minecraft:iron_helmet":1,"minecraft:charcoal":7,"minecraft:shield":1,"minecraft:stick":24,"quark:oak_chest":1,"minecraft:iron_ingot":25,"minecraft:gold_ingot":5,"minecraft:stone_pickaxe":1,"the_vault:polished_vault_stone":5,"quark:spruce_chest":1,"minecraft:cooked_beef":14,"minecraft:air":544,"the_vault:chromatic_iron_ingot":116},"minecraft:killed":{"minecraft:spider":8,"the_vault:vault_fighter":53,"minecraft:skeleton":12,"the_vault:skeleton_pirate_t0":12,"minecraft:pig":6,"minecraft:creeper":2,"the_vault:overgrown_zombie_t0":9,"minecraft:sheep":6,"minecraft:zombie":5,"the_vault:mushroom_t0":37,"minecraft:cow":14,"the_vault:miner_zombie_t0":8,"the_vault:vault_spider":4,"the_vault:levishroom":25,"minecraft:slime":51,"minecraft:phantom":1,"minecraft:drowned":20,"rottencreatures:undead_miner":4},"minecraft:dropped":{"minecraft:iron_sword":2,"the_vault:gem_benitoite":1,"the_vault:ornate_ingot":4,"the_vault:knowledge_star_essence":73,"minecraft:oak_log":33,"minecraft:rail":2,"minecraft:dirt":8,"minecraft:dark_oak_log":3,"the_vault:quest_book":3,"minecraft:stone_button":3,"minecraft:mutton":4,"minecraft:iron_pickaxe":1,"minecraft:white_wool":1,"minecraft:gravel":1,"minecraft:blackstone":1,"minecraft:cobbled_deepslate":1,"minecraft:oak_planks":2,"the_vault:sword":1,"minecraft:cooked_mutton":6,"the_vault:vault_rock":9,"minecraft:poppy":1,"minecraft:azalea_leaves":13,"the_vault:bottle":1,"minecraft:charcoal":7,"the_vault:gem_larimar":3,"minecraft:flowering_azalea_leaves":2,"the_vault:vault_cobblestone":128,"minecraft:stone_brick_stairs":1,"minecraft:oak_leaves":4,"minecraft:iron_ingot":10,"minecraft:bread":22,"botania:blue_double_flower":4,"minecraft:wheat_seeds":50,"the_vault:polished_vault_stone":1,"minecraft:cobblestone":1,"minecraft:apple":1,"minecraft:coal":19,"minecraft:stick":29,"minecraft:iron_leggings":1,"minecraft:iron_shovel":2,"minecraft:pink_tulip":2,"minecraft:furnace":1,"minecraft:raw_iron":2,"create:cut_andesite":2,"minecraft:shield":1,"the_vault:wand":1,"minecraft:andesite":6,"ae2:certus_quartz_dust":2,"minecraft:oak_sapling":2,"minecraft:spider_eye":8,"minecraft:stripped_crimson_hyphae":6,"minecraft:bow":1,"minecraft:stone_pickaxe":1,"the_vault:cooked_vault_steak":1},"minecraft:mined":{"auxiliaryblocks:dirty_sand":4,"minecraft:mossy_stone_brick_slab":1,"minecraft:stripped_crimson_hyphae":3,"minecraft:grass_block":23,"ecologics:coconut_leaves":3,"minecraft:soul_soil":1,"architects_palette:chiseled_tuff":1,"minecraft:gilded_blackstone":1,"create:cut_andesite":2,"minecraft:iron_ore":33,"minecraft:cobbled_deepslate":2,"minecraft:fire":4,"minecraft:pumpkin":10,"minecraft:deepslate_lapis_ore":2,"auxiliaryblocks:rocky_sand":1,"minecraft:red_tulip":1,"minecraft:pointed_dripstone":3,"minecraft:flowering_azalea_leaves":18,"minecraft:pink_tulip":1,"minecraft:azalea_leaves":13,"thermal:apple_block":12,"minecraft:deepslate_redstone_ore":10,"the_vault:ore_alexandrite":2,"minecraft:torch":2,"minecraft:blast_furnace":8,"minecraft:poppy":5,"the_vault:ore_ashium":1,"the_vault:black_market":1,"minecraft:cobblestone":7,"the_vault:polished_vault_stone":1,"minecraft:grindstone":1,"botania:blue_double_flower":1,"minecraft:sugar_cane":3,"minecraft:damaged_anvil":1,"architects_palette:heavy_mossy_stone_bricks":1,"minecraft:wheat":4,"the_vault:ore_larimar":16,"minecraft:lilac":2,"architects_palette:tuff_bricks":1,"minecraft:stone_brick_stairs":1,"minecraft:grass":266,"the_vault:ore_benitoite":4,"minecraft:oak_log":107,"minecraft:sand":25,"minecraft:dirt":14,"create:andesite_pillar":1,"thermal:carrot_block":7,"minecraft:oak_leaves":31,"minecraft:deepslate":49,"the_vault:coin_pile":33,"minecraft:tuff":4,"minecraft:dark_oak_log":3,"minecraft:stripped_birch_log":2,"the_vault:vault_crate_bounty":3,"minecraft:shulker_box":14,"minecraft:purple_terracotta":5,"minecraft:stone_button":1,"the_vault:tool_station":1,"ecologics:coconut_log":1,"minecraft:spruce_leaves":7,"minecraft:moss_block":1,"minecraft:sandstone":2,"minecraft:large_fern":1,"minecraft:hay_block":26,"create:cut_andesite_brick_slab":1,"minecraft:redstone_ore":1,"minecraft:red_concrete_powder":2,"the_vault:vault_stone":170,"the_vault:vault_cobblestone":2,"minecraft:snow":2,"the_vault:vault_altar":4,"minecraft:andesite":92,"create:cut_andesite_bricks":2,"minecraft:bookshelf":1,"decorative_blocks:spruce_beam":1,"minecraft:stone":90,"minecraft:podzol":3,"quark:oak_chest":2,"minecraft:snow_block":1,"quark:lavender_blossom_leaves":1,"minecraft:stripped_dark_oak_log":2,"minecraft:smooth_sandstone":3,"quark:spruce_bookshelf":1,"minecraft:crafting_table":5,"minecraft:emerald_ore":1,"ecologics:walnut_leaves":1,"minecraft:tall_grass":92,"minecraft:copper_ore":1,"minecraft:deepslate_coal_ore":6,"minecraft:lapis_ore":4,"minecraft:deepslate_gold_ore":5,"minecraft:diorite":4,"supplementaries:urn":1,"the_vault:chromatic_iron_ore":99,"minecraft:gray_bed":2,"minecraft:spruce_log":6,"minecraft:dead_brain_coral_block":2,"botania:yellow_mystical_flower":1,"minecraft:coal_ore":47,"minecraft:gravel":45,"minecraft:dripstone_block":2,"ae2:deepslate_quartz_ore":1,"minecraft:stone_bricks":10},"minecraft:custom":{"minecraft:interact_with_crafting_table":39,"minecraft:open_barrel":4,"minecraft:open_shulker_box":23,"minecraft:eat_cake_slice":4,"minecraft:time_since_death":139980,"minecraft:sprint_one_cm":1591838,"minecraft:drop":261,"minecraft:play_noteblock":1,"minecraft:talked_to_villager":6,"minecraft:play_time":412656,"minecraft:deaths":10,"minecraft:jump":6273,"minecraft:walk_on_water_one_cm":51125,"minecraft:interact_with_furnace":35,"minecraft:sleep_in_bed":14,"minecraft:damage_dealt":35610,"minecraft:crouch_one_cm":2201,"minecraft:mob_kills":286,"minecraft:climb_one_cm":1116,"minecraft:walk_one_cm":914715,"minecraft:target_hit":2,"minecraft:sneak_time":1245,"minecraft:walk_under_water_one_cm":38843,"minecraft:interact_with_blast_furnace":52,"minecraft:total_world_time":412656,"minecraft:tune_noteblock":1,"minecraft:time_since_rest":6383,"minecraft:damage_taken":5672,"minecraft:damage_absorbed":84,"minecraft:swim_one_cm":111154,"minecraft:fly_one_cm":1175581,"minecraft:open_chest":596,"minecraft:fall_one_cm":152748},"minecraft:used":{"minecraft:iron_shovel":94,"minecraft:iron_sword":213,"minecraft:iron_chestplate":1,"the_vault:vault_crystal":5,"the_vault:sword":186,"the_vault:vault_crate_elixir":2,"minecraft:tuff":4,"the_vault:cooked_vault_steak":9,"architects_palette:chiseled_tuff":1,"the_vault:black_market":1,"the_vault:tool":345,"minecraft:stone_bricks":9,"minecraft:bow":62,"minecraft:hay_block":1,"the_vault:axe":59,"minecraft:furnace":1,"minecraft:oak_sapling":5,"minecraft:gray_bed":2,"the_vault:vault_crate_bounty":5,"minecraft:damaged_anvil":1,"minecraft:stone_pickaxe":80,"minecraft:oak_planks":34,"minecraft:blast_furnace":8,"minecraft:purple_terracotta":5,"minecraft:shears":39,"architects_palette:tuff_bricks":1,"minecraft:bread":7,"minecraft:stone_button":4,"minecraft:gravel":1,"minecraft:grindstone":1,"minecraft:andesite":85,"the_vault:vault_sweets":122,"minecraft:experience_bottle":20,"minecraft:spruce_planks":1,"the_vault:vault_enchanter":1,"minecraft:torch":16,"minecraft:dirt":20,"minecraft:shulker_box":16,"minecraft:dead_brain_coral_block":2,"the_vault:vault_altar":5,"quark:spruce_chest":1,"minecraft:iron_axe":156,"minecraft:iron_boots":1,"the_vault:vault_crate_monolith":1,"the_vault:vault_cobblestone":4,"minecraft:cooked_beef":10,"minecraft:cobbled_deepslate":55,"minecraft:wheat_seeds":4,"the_vault:polished_vault_stone":1,"minecraft:water_bucket":16,"minecraft:gilded_blackstone":1,"the_vault:tool_station":1,"minecraft:crafting_table":6,"minecraft:apple":3,"minecraft:iron_pickaxe":403,"minecraft:cobblestone":53,"minecraft:bucket":17,"quark:oak_chest":19},"minecraft:picked_up":{"minecraft:iron_chestplate":1,"minecraft:wheat":4,"the_vault:vault_altar":5,"minecraft:diamond_sword":1,"the_vault:magnet":1,"minecraft:gilded_blackstone":1,"create:cut_andesite":3,"minecraft:stone_brick_stairs":1,"the_vault:wand":5,"minecraft:string":8,"minecraft:soul_soil":1,"minecraft:raw_copper":2,"the_vault:vault_crate_elixir":1,"minecraft:cooked_salmon":2,"minecraft:cobbled_deepslate":56,"minecraft:spruce_planks":3,"minecraft:iron_pickaxe":2,"minecraft:azalea_leaves":19,"minecraft:iron_boots":1,"minecraft:furnace":1,"minecraft:stick":12,"the_vault:jewel_pouch":1,"supplementaries:brass_lantern":1,"the_vault:vault_crate_bounty":3,"the_vault:polished_vault_stone":1,"the_vault:gem_larimar":12,"minecraft:torch":3,"minecraft:porkchop":21,"the_vault:cooked_vault_steak":1,"minecraft:diorite":4,"minecraft:pointed_dripstone":10,"minecraft:rotten_flesh":5,"minecraft:red_tulip":1,"the_vault:soul_shard":1380,"the_vault:black_market":1,"the_vault:vault_silver":2,"supplementaries:ash":2,"botania:blue_double_flower":4,"minecraft:obsidian":2,"the_vault:chestplate":2,"minecraft:cobblestone":95,"minecraft:lilac":1,"minecraft:andesite":94,"minecraft:flint":4,"minecraft:tuff":4,"minecraft:stripped_birch_log":2,"minecraft:lapis_lazuli":38,"the_vault:ornate_ingot":4,"minecraft:dirt":36,"architects_palette:chiseled_tuff":1,"minecraft:bone":16,"minecraft:bow":2,"minecraft:wheat_seeds":68,"minecraft:raw_gold":5,"minecraft:grindstone":1,"the_vault:tool":1,"the_vault:vault_cobblestone":290,"minecraft:oak_planks":2,"the_vault:vault_rock":17,"minecraft:sand":21,"create:cut_andesite_bricks":1,"the_vault:chromatic_iron_ingot":20,"minecraft:dark_oak_log":3,"minecraft:shulker_box":14,"minecraft:diamond":11,"minecraft:dead_brain_coral_block":2,"minecraft:grass":8,"minecraft:emerald":5,"minecraft:oak_sapling":7,"thermal:carrot_block":7,"minecraft:oak_leaves":4,"minecraft:crafting_table":5,"minecraft:purple_wool":2,"the_vault:sword":7,"the_vault:vault_crystal":5,"minecraft:iron_shovel":1,"minecraft:blackstone":1,"the_vault:axe":2,"the_vault:gem_alexandrite":2,"ecologics:azalea_flower":1,"minecraft:beef":27,"the_vault:quest_book":2,"minecraft:poppy":5,"supplementaries:rope":6,"minecraft:sugar_cane":9,"minecraft:raw_iron":34,"minecraft:stripped_crimson_hyphae":6,"minecraft:sandstone":2,"the_vault:gem_benitoite":4,"auxiliaryblocks:rocky_sand":1,"minecraft:flowering_azalea_leaves":18,"the_vault:shield":4,"minecraft:stone_button":6,"minecraft:redstone":50,"minecraft:purple_terracotta":5,"thermal:apple_block":12,"minecraft:arrow":21,"minecraft:diamond_chestplate":1,"ae2:certus_quartz_dust":2,"minecraft:peony":2,"the_vault:leggings":4,"minecraft:hay_block":26,"the_vault:knowledge_star_essence":58,"minecraft:pink_tulip":4,"the_vault:chromatic_steel_ingot":4,"the_vault:vault_crate_monolith":1,"minecraft:mutton":14,"minecraft:white_wool":5,"minecraft:rail":1,"minecraft:oxeye_daisy":2,"minecraft:purple_dye":3,"minecraft:leather":13,"architects_palette:tuff_bricks":1,"minecraft:oak_log":125,"minecraft:gunpowder":1,"minecraft:smooth_sandstone":3,"minecraft:apple":1,"minecraft:stone_bricks":9,"the_vault:boots":2,"the_vault:vault_bronze":166,"minecraft:gray_bed":2,"the_vault:mystery_box":2,"the_vault:vault_diamond":3,"minecraft:book":3,"the_vault:raw_chromatic_iron":116,"the_vault:carbon_nugget":7,"minecraft:red_concrete_powder":2,"minecraft:pumpkin":10,"minecraft:dandelion":1,"minecraft:dripstone_block":2,"minecraft:gravel":42,"minecraft:spruce_sapling":1,"minecraft:blast_furnace":8,"minecraft:spruce_log":5,"minecraft:mossy_stone_brick_slab":1,"quark:oak_chest":2,"auxiliaryblocks:dirty_sand":4,"minecraft:spider_eye":11,"minecraft:damaged_anvil":1,"minecraft:coal":53},"minecraft:broken":{"minecraft:iron_pickaxe":1},"minecraft:killed_by":{"minecraft:creeper":2,"the_vault:pirate_bruiser_guardian":1,"minecraft:zombie":1,"the_vault:skeleton_pirate_t0":1,"minecraft:skeleton":3}},"DataVersion":2975}