{"stats":{"minecraft:crafted":{"the_vault:black_market":1,"minecraft:air":86,"minecraft:iron_ingot":22,"the_vault:bounty_block":1},"minecraft:killed":{"the_vault:vault_spider":10,"the_vault:levishroom":10,"the_vault:vault_fighter":54,"minecraft:slime":44,"the_vault:skeleton_pirate_t0":28,"minecraft:drowned":37,"the_vault:overgrown_zombie_t0":41,"the_vault:pirate_arbalist_guardian":1,"the_vault:mushroom_t0":17},"minecraft:dropped":{"minecraft:iron_ingot":1,"minecraft:bread":23,"minecraft:purple_terracotta":2,"minecraft:iron_sword":1,"the_vault:boots":4,"minecraft:red_concrete_powder":2,"minecraft:wheat_seeds":4,"minecraft:iron_helmet":1,"everycomp:mct/quark/azalea_barn_trapdoor":1,"minecraft:elytra":1,"the_vault:focus":1,"minecraft:golden_apple":1,"create:cut_scorchia":1,"minecraft:dirt":9,"the_vault:driftwood":8,"minecraft:ink_sac":3,"quark:azalea_planks_slab":2,"minecraft:sand":8,"auxiliaryblocks:dirty_sand":1,"the_vault:leggings":4,"minecraft:iron_pickaxe":1,"minecraft:smooth_sandstone":10,"the_vault:chestplate":3,"the_vault:soul_shard":20,"the_vault:jewel_pouch":2,"minecraft:red_concrete":1,"minecraft:kelp":1,"minecraft:sugar_cane":12,"minecraft:bowl":4,"supplementaries:jar":1,"the_vault:sword":4,"minecraft:poppy":1,"the_vault:wand":2,"quark:gold_button":2,"minecraft:oak_sapling":1,"minecraft:stone_brick_wall":1,"architects_palette:withered_osseous_pillar":1,"minecraft:stone_bricks":2,"minecraft:sandstone":6,"create:andesite_pillar":1,"thermal:carrot_block":1,"the_vault:tool":1,"minecraft:firework_rocket":2},"minecraft:mined":{"minecraft:tuff":5,"auxiliaryblocks:dirty_sand":1,"minecraft:shulker_box":3,"quark:azalea_planks_slab":2,"minecraft:purple_terracotta":13,"minecraft:stripped_crimson_hyphae":1,"minecraft:stone_brick_wall":1,"minecraft:grass_block":13,"auxiliaryblocks:orange_gelatin":1,"minecraft:kelp":5,"minecraft:moss_block":2,"minecraft:sandstone":6,"minecraft:gilded_blackstone":4,"minecraft:tall_seagrass":6,"everycomp:mct/quark/azalea_barn_trapdoor":1,"minecraft:red_concrete_powder":5,"the_vault:vault_cobblestone":1,"the_vault:vault_altar":1,"minecraft:green_terracotta":1,"minecraft:peony":1,"decorative_blocks:chain":1,"minecraft:flowering_azalea_leaves":1,"supplementaries:jar":1,"minecraft:kelp_plant":61,"architects_palette:lit_withered_osseous_skull":1,"architects_palette:withered_osseous_pillar":1,"minecraft:smooth_sandstone":10,"minecraft:cyan_stained_glass_pane":2,"minecraft:poppy":2,"minecraft:tall_grass":3,"minecraft:red_concrete":1,"minecraft:sugar_cane":10,"minecraft:damaged_anvil":1,"minecraft:seagrass":1,"quark:lime_shingles_slab":1,"minecraft:cobblestone_wall":1,"architects_palette:tuff_bricks":1,"create:cut_scorchia":1,"architects_palette:overgrown_algal_bricks":2,"the_vault:vault_crate_elixir":1,"minecraft:grass":6,"minecraft:dead_brain_coral_block":3,"minecraft:oak_log":4,"minecraft:dirt":4,"minecraft:sand":8,"quark:gold_button":1,"create:andesite_pillar":2,"minecraft:cracked_stone_bricks":1,"thermal:carrot_block":1,"minecraft:stone_bricks":2,"minecraft:oak_leaves":3,"the_vault:coin_pile":140},"minecraft:custom":{"minecraft:interact_with_smithing_table":2,"minecraft:mob_kills":248,"minecraft:interact_with_anvil":1,"minecraft:interact_with_crafting_table":20,"minecraft:open_barrel":5,"minecraft:open_shulker_box":9,"minecraft:bell_ring":2,"minecraft:leave_game":1,"minecraft:time_since_death":40558,"minecraft:climb_one_cm":3592,"minecraft:sprint_one_cm":633256,"minecraft:walk_one_cm":677876,"minecraft:drop":66,"minecraft:play_noteblock":1,"minecraft:talked_to_villager":6,"minecraft:play_time":262106,"minecraft:deaths":4,"minecraft:sneak_time":981,"minecraft:walk_under_water_one_cm":28163,"minecraft:boat_one_cm":425654,"minecraft:jump":2483,"minecraft:interact_with_blast_furnace":7,"minecraft:walk_on_water_one_cm":32792,"minecraft:total_world_time":262106,"minecraft:interact_with_furnace":5,"minecraft:tune_noteblock":4,"minecraft:interact_with_loom":1,"minecraft:interact_with_grindstone":2,"minecraft:sleep_in_bed":8,"minecraft:time_since_rest":40598,"minecraft:damage_taken":3442,"minecraft:damage_absorbed":60,"minecraft:damage_dealt":27165,"minecraft:swim_one_cm":118163,"minecraft:fly_one_cm":350486,"minecraft:open_chest":479,"minecraft:crouch_one_cm":2138,"minecraft:aviate_one_cm":552311,"minecraft:fall_one_cm":63255},"minecraft:used":{"minecraft:stone_sword":130,"minecraft:iron_sword":178,"minecraft:dirt":7,"the_vault:vault_crystal":1,"minecraft:shulker_box":5,"the_vault:vault_crate_elixir":4,"the_vault:sword":243,"minecraft:tuff":5,"the_vault:vault_altar":1,"the_vault:black_market":1,"the_vault:tool":116,"the_vault:vault_crate_monolith":1,"the_vault:vault_cobblestone":65,"the_vault:vault_crate_bounty":1,"minecraft:crafting_table":1,"minecraft:purple_terracotta":10,"minecraft:squid_spawn_egg":1,"minecraft:oak_log":1,"architects_palette:lit_withered_osseous_skull":1,"minecraft:firework_rocket":7,"minecraft:stone_button":1,"minecraft:bread":5,"minecraft:iron_pickaxe":103,"architects_palette:overgrown_algal_bricks":1,"minecraft:red_concrete_powder":3,"the_vault:bounty_block":1,"minecraft:oak_boat":4,"the_vault:vault_sweets":81},"minecraft:picked_up":{"minecraft:iron_chestplate":1,"the_vault:vault_altar":1,"the_vault:sword":5,"minecraft:stone_brick_wall":2,"minecraft:gilded_blackstone":3,"the_vault:wand":4,"minecraft:shield":1,"supplementaries:jar":1,"the_vault:vault_crystal":1,"minecraft:string":1,"minecraft:elytra":1,"the_vault:vault_crate_elixir":4,"minecraft:gold_nugget":3,"the_vault:quest_book":1,"minecraft:oak_boat":3,"minecraft:poppy":2,"minecraft:iron_pickaxe":2,"minecraft:sugar_cane":15,"minecraft:iron_boots":1,"minecraft:sandstone":6,"quark:lime_shingles_slab":1,"the_vault:jewel_pouch":2,"minecraft:squid_spawn_egg":1,"create:andesite_pillar":2,"quark:gold_button":2,"minecraft:stone_button":1,"minecraft:purple_terracotta":12,"architects_palette:lit_withered_osseous_skull":1,"decorative_blocks:chain":1,"the_vault:leggings":4,"the_vault:soul_shard":1587,"the_vault:vault_silver":20,"architects_palette:withered_osseous_pillar":1,"the_vault:chestplate":2,"create:cut_scorchia":1,"architects_palette:tuff_bricks":1,"minecraft:tuff":5,"minecraft:oak_log":13,"minecraft:cobblestone_wall":1,"minecraft:dirt":16,"minecraft:smooth_sandstone":10,"minecraft:stone_bricks":3,"minecraft:kelp":370,"minecraft:wheat_seeds":4,"the_vault:boots":5,"minecraft:iron_ingot":8,"the_vault:vault_bronze":392,"the_vault:vault_cobblestone":1,"minecraft:moss_block":2,"minecraft:iron_sword":2,"minecraft:red_concrete_powder":5,"minecraft:sand":8,"minecraft:ink_sac":3,"auxiliaryblocks:dirty_sand":1,"the_vault:focus":3,"the_vault:vault_gold":6,"minecraft:shulker_box":3,"everycomp:mct/quark/azalea_barn_trapdoor":1,"quark:azalea_planks_slab":2,"architects_palette:overgrown_algal_bricks":2,"minecraft:dead_brain_coral_block":3,"minecraft:iron_helmet":2,"minecraft:bread":34,"thermal:carrot_block":1,"minecraft:oak_sapling":1,"minecraft:damaged_anvil":1,"minecraft:red_concrete":1},"minecraft:broken":{"minecraft:stone_sword":1},"minecraft:killed_by":{"the_vault:bruiser_guardian":1,"the_vault:pirate_arbalist_guardian":1}},"DataVersion":2975}