{"stats":{"minecraft:crafted":{"the_vault:vault_altar":1,"minecraft:stone":16,"minecraft:bone_meal":6,"minecraft:iron_axe":1,"the_vault:polished_vault_stone":9,"minecraft:cooked_beef":12,"minecraft:spruce_planks":4,"minecraft:iron_sword":1,"minecraft:cooked_salmon":14,"minecraft:bucket":1,"minecraft:stone_axe":1,"minecraft:air":344,"minecraft:iron_chestplate":1,"the_vault:chromatic_iron_ingot":76,"minecraft:diamond_pickaxe":1,"minecraft:shield":1,"irongenerators:iron_generator":1,"minecraft:stick":12,"minecraft:iron_ingot":77,"minecraft:iron_pickaxe":3,"minecraft:torch":16},"minecraft:killed":{"minecraft:spider":7,"the_vault:vault_fighter":2,"minecraft:slime":1,"minecraft:skeleton":12,"the_vault:skeleton_pirate_t0":4,"minecraft:silverfish":3,"minecraft:drowned":9,"minecraft:salmon":20,"minecraft:creeper":6,"minecraft:zombie":13},"minecraft:dropped":{"minecraft:iron_ingot":6,"minecraft:bread":11,"the_vault:raw_chromatic_iron":16,"minecraft:wheat_seeds":1,"minecraft:crafting_table":1,"minecraft:iron_helmet":1,"minecraft:cobblestone":15,"minecraft:apple":1,"quark:music_disc_rain":1,"minecraft:copper_ingot":1,"minecraft:flint":2,"minecraft:stick":8,"minecraft:cobweb":3,"minecraft:dirt":18,"minecraft:torch":1,"minecraft:cooked_salmon":2,"minecraft:iron_pickaxe":3,"minecraft:string":5,"minecraft:spruce_sapling":1,"minecraft:redstone":1,"minecraft:smooth_basalt":2,"minecraft:bone":3,"minecraft:gravel":7,"minecraft:blackstone":2,"the_vault:vault_altar":1,"minecraft:cobbled_deepslate":11,"minecraft:raw_copper":3,"minecraft:tuff":3,"minecraft:raw_iron":1,"minecraft:rotten_flesh":7,"minecraft:iron_boots":2,"the_vault:vault_rock":4,"supplementaries:flax_seeds":12,"supplementaries:ash":4,"minecraft:spruce_planks":3,"minecraft:iron_chestplate":2,"minecraft:andesite":10,"minecraft:stone_bricks":12,"minecraft:spider_eye":1,"minecraft:bow":1,"minecraft:stone_pickaxe":2,"minecraft:wooden_pickaxe":1,"the_vault:vault_cobblestone":64},"minecraft:mined":{"minecraft:tuff":3,"minecraft:deepslate_diamond_ore":6,"minecraft:obsidian":14,"minecraft:grass_block":5,"minecraft:spruce_leaves":3,"minecraft:spawner":1,"minecraft:furnace":6,"the_vault:vault_stone":64,"minecraft:iron_ore":33,"minecraft:cobbled_deepslate":1,"the_vault:vault_altar":1,"minecraft:green_terracotta":1,"minecraft:andesite":55,"minecraft:deepslate_iron_ore":45,"irongenerators:iron_generator":1,"minecraft:stone":54,"minecraft:deepslate_redstone_ore":4,"minecraft:blackstone":4,"minecraft:crafting_table":3,"minecraft:torch":1,"minecraft:calcite":2,"minecraft:tall_grass":3,"minecraft:copper_ore":26,"minecraft:lapis_ore":5,"minecraft:deepslate_gold_ore":6,"supplementaries:urn":5,"the_vault:chromatic_iron_ore":92,"mekanism:fluorite_ore":1,"minecraft:sea_pickle":1,"minecraft:gray_bed":2,"minecraft:spruce_log":25,"minecraft:grass":11,"minecraft:coal_ore":74,"minecraft:lime_terracotta":1,"quark:spruce_chest":5,"minecraft:gravel":6,"minecraft:cobweb":3,"minecraft:smooth_basalt":3,"minecraft:stone_bricks":2,"minecraft:mossy_stone_bricks":1,"the_vault:coin_pile":9,"minecraft:deepslate":22,"minecraft:fern":2},"minecraft:custom":{"minecraft:mob_kills":80,"minecraft:interact_with_crafting_table":49,"minecraft:leave_game":2,"minecraft:time_since_death":177646,"minecraft:climb_one_cm":603,"minecraft:sprint_one_cm":470127,"minecraft:walk_one_cm":378121,"minecraft:drop":55,"minecraft:play_time":180016,"minecraft:deaths":1,"minecraft:sneak_time":5578,"minecraft:walk_under_water_one_cm":47373,"minecraft:jump":4472,"minecraft:interact_with_blast_furnace":47,"minecraft:walk_on_water_one_cm":79450,"minecraft:total_world_time":180016,"minecraft:interact_with_furnace":63,"minecraft:sleep_in_bed":4,"minecraft:time_since_rest":15296,"minecraft:damage_taken":2750,"minecraft:damage_dealt":13524,"minecraft:swim_one_cm":82560,"minecraft:fly_one_cm":760461,"minecraft:open_chest":91,"minecraft:crouch_one_cm":11615,"minecraft:fall_one_cm":113101},"minecraft:used":{"minecraft:poppy":1,"minecraft:iron_sword":63,"minecraft:cooked_salmon":17,"minecraft:rotten_flesh":4,"minecraft:torch":60,"minecraft:dirt":4,"the_vault:vault_crystal":1,"minecraft:snowball":4,"the_vault:vault_altar":1,"the_vault:cooked_vault_steak":8,"quark:spruce_chest":7,"minecraft:iron_axe":85,"minecraft:iron_helmet":1,"minecraft:stone_bricks":2,"minecraft:bow":1,"minecraft:furnace":5,"minecraft:gray_bed":2,"minecraft:cobbled_deepslate":4,"minecraft:iron_leggings":1,"the_vault:polished_vault_stone":14,"minecraft:mossy_stone_bricks":1,"minecraft:water_bucket":59,"minecraft:stone_pickaxe":202,"minecraft:oak_planks":8,"botania:yellow_mystical_flower":1,"minecraft:wooden_pickaxe":13,"minecraft:salmon":2,"minecraft:crafting_table":5,"minecraft:white_bed":1,"minecraft:shears":3,"minecraft:spruce_log":4,"minecraft:diamond_pickaxe":21,"irongenerators:iron_generator":1,"minecraft:stone_button":1,"minecraft:bread":26,"minecraft:iron_pickaxe":309,"minecraft:spruce_sapling":8,"minecraft:stone_axe":69,"minecraft:andesite":34,"minecraft:bucket":60,"minecraft:bone_meal":5,"minecraft:cobweb":3},"minecraft:picked_up":{"minecraft:crafting_table":4,"the_vault:vault_altar":1,"the_vault:vault_crystal":1,"minecraft:string":7,"minecraft:raw_copper":93,"minecraft:cooked_salmon":4,"minecraft:blackstone":2,"minecraft:sea_pickle":6,"quark:spruce_chest":6,"minecraft:cobbled_deepslate":42,"minecraft:calcite":2,"minecraft:poppy":1,"minecraft:iron_pickaxe":3,"minecraft:furnace":9,"minecraft:raw_copper_block":20,"minecraft:stick":21,"minecraft:raw_iron":78,"minecraft:copper_ingot":2,"the_vault:polished_vault_stone":19,"botania:yellow_mystical_flower":1,"minecraft:torch":3,"minecraft:stone_button":1,"minecraft:redstone":19,"minecraft:green_terracotta":1,"minecraft:arrow":15,"minecraft:rotten_flesh":15,"ae2:certus_quartz_dust":2,"minecraft:shears":1,"the_vault:soul_shard":83,"supplementaries:ash":6,"minecraft:white_wool":7,"minecraft:snowball":4,"minecraft:obsidian":26,"minecraft:rail":1,"minecraft:cobblestone":88,"minecraft:andesite":89,"minecraft:salmon":19,"minecraft:leather":12,"minecraft:flint":2,"minecraft:tuff":6,"quark:music_disc_rain":1,"minecraft:oak_log":78,"supplementaries:flax_seeds":12,"minecraft:gunpowder":16,"minecraft:lapis_lazuli":44,"minecraft:dirt":36,"minecraft:bone":13,"minecraft:apple":1,"minecraft:stone_bricks":2,"minecraft:bow":1,"minecraft:wheat_seeds":4,"minecraft:raw_gold":7,"minecraft:iron_ingot":26,"minecraft:stone_pickaxe":1,"the_vault:vault_bronze":20,"minecraft:cobweb":6,"minecraft:mossy_stone_bricks":1,"minecraft:gray_bed":2,"the_vault:vault_cobblestone":178,"the_vault:raw_chromatic_iron":92,"minecraft:smooth_basalt":2,"patchouli:guide_book":1,"minecraft:lime_terracotta":1,"the_vault:vault_rock":10,"minecraft:gravel":7,"the_vault:chromatic_iron_ingot":90,"minecraft:spruce_sapling":9,"minecraft:spruce_log":44,"minecraft:spider_eye":4,"minecraft:diamond":8,"mekanism:fluorite_gem":4,"minecraft:bone_meal":32,"irongenerators:iron_generator":2,"minecraft:bread":22,"minecraft:coal":128,"minecraft:diamond_pickaxe":1},"minecraft:broken":{"minecraft:stone_axe":1,"minecraft:iron_pickaxe":1},"minecraft:killed_by":{"minecraft:skeleton":1}},"DataVersion":2975}