{"stats":{"minecraft:crafted":{"minecraft:oak_planks":8,"minecraft:cooked_mutton":6,"minecraft:stone_pickaxe":1,"quark:spruce_chest":1,"the_vault:polished_vault_stone":5,"minecraft:cooked_beef":14,"minecraft:crafting_table":1,"minecraft:iron_helmet":1,"minecraft:air":176,"the_vault:chromatic_iron_ingot":116,"minecraft:shield":1,"minecraft:stick":16,"minecraft:iron_ingot":25,"minecraft:gold_ingot":5},"minecraft:killed":{"minecraft:spider":1,"minecraft:skeleton":2,"the_vault:skeleton_pirate_t0":3,"minecraft:drowned":6,"minecraft:pig":1,"minecraft:creeper":1,"minecraft:sheep":5,"minecraft:zombie":1,"minecraft:cow":13},"minecraft:dropped":{"minecraft:iron_ingot":1,"minecraft:bread":22,"minecraft:iron_sword":1,"minecraft:wheat_seeds":20,"the_vault:polished_vault_stone":1,"minecraft:apple":1,"minecraft:rail":2,"minecraft:coal":4,"minecraft:stick":3,"minecraft:dirt":2,"the_vault:quest_book":1,"minecraft:iron_shovel":1,"minecraft:furnace":1,"minecraft:blackstone":1,"minecraft:cobbled_deepslate":1,"minecraft:raw_iron":2,"the_vault:vault_rock":3,"minecraft:poppy":1,"minecraft:shield":1,"ae2:certus_quartz_dust":2,"minecraft:spider_eye":2,"minecraft:stone_pickaxe":1,"the_vault:vault_cobblestone":128,"the_vault:cooked_vault_steak":1,"minecraft:oak_leaves":2},"minecraft:mined":{"minecraft:tuff":4,"minecraft:grass_block":8,"minecraft:spruce_leaves":7,"architects_palette:chiseled_tuff":1,"minecraft:large_fern":1,"minecraft:hay_block":26,"minecraft:redstone_ore":1,"minecraft:iron_ore":12,"the_vault:vault_cobblestone":2,"minecraft:cobbled_deepslate":2,"minecraft:snow":2,"minecraft:andesite":88,"minecraft:deepslate_lapis_ore":2,"minecraft:stone":36,"minecraft:podzol":3,"minecraft:deepslate_redstone_ore":10,"minecraft:snow_block":1,"minecraft:crafting_table":5,"minecraft:torch":2,"minecraft:blast_furnace":8,"minecraft:emerald_ore":1,"minecraft:poppy":1,"minecraft:tall_grass":52,"the_vault:polished_vault_stone":1,"minecraft:deepslate_gold_ore":5,"minecraft:lapis_ore":4,"minecraft:grindstone":1,"minecraft:sugar_cane":3,"minecraft:damaged_anvil":1,"supplementaries:urn":1,"the_vault:chromatic_iron_ore":99,"minecraft:gray_bed":2,"minecraft:spruce_log":6,"architects_palette:tuff_bricks":1,"minecraft:grass":174,"minecraft:dead_brain_coral_block":2,"minecraft:coal_ore":13,"minecraft:oak_log":42,"botania:yellow_mystical_flower":1,"minecraft:dirt":8,"ae2:deepslate_quartz_ore":1,"the_vault:coin_pile":4,"minecraft:oak_leaves":14,"minecraft:deepslate":49},"minecraft:custom":{"minecraft:mob_kills":32,"minecraft:interact_with_crafting_table":14,"minecraft:eat_cake_slice":4,"minecraft:time_since_death":71251,"minecraft:climb_one_cm":1116,"minecraft:sprint_one_cm":550690,"minecraft:walk_one_cm":263242,"minecraft:drop":76,"minecraft:talked_to_villager":1,"minecraft:target_hit":2,"minecraft:play_time":124656,"minecraft:deaths":4,"minecraft:sneak_time":498,"minecraft:walk_under_water_one_cm":19032,"minecraft:jump":2523,"minecraft:interact_with_blast_furnace":44,"minecraft:walk_on_water_one_cm":30172,"minecraft:total_world_time":124656,"minecraft:interact_with_furnace":17,"minecraft:sleep_in_bed":5,"minecraft:time_since_rest":15296,"minecraft:damage_taken":2407,"minecraft:damage_dealt":3747,"minecraft:swim_one_cm":96380,"minecraft:fly_one_cm":430499,"minecraft:open_chest":80,"minecraft:crouch_one_cm":1571,"minecraft:fall_one_cm":62627},"minecraft:used":{"minecraft:iron_shovel":18,"minecraft:spruce_planks":1,"minecraft:iron_sword":77,"minecraft:iron_chestplate":1,"minecraft:torch":16,"minecraft:dirt":5,"minecraft:tuff":4,"minecraft:dead_brain_coral_block":2,"the_vault:vault_altar":1,"the_vault:cooked_vault_steak":8,"architects_palette:chiseled_tuff":1,"quark:spruce_chest":1,"minecraft:iron_axe":61,"minecraft:iron_boots":1,"minecraft:bow":10,"the_vault:vault_cobblestone":2,"minecraft:hay_block":1,"minecraft:furnace":1,"minecraft:gray_bed":2,"minecraft:cooked_beef":5,"minecraft:cobbled_deepslate":55,"the_vault:polished_vault_stone":1,"minecraft:damaged_anvil":1,"minecraft:stone_pickaxe":80,"minecraft:crafting_table":6,"minecraft:blast_furnace":8,"minecraft:shears":2,"architects_palette:tuff_bricks":1,"minecraft:apple":3,"minecraft:bread":7,"minecraft:iron_pickaxe":269,"minecraft:cobblestone":22,"minecraft:grindstone":1,"minecraft:andesite":85,"quark:oak_chest":1,"the_vault:vault_sweets":2},"minecraft:picked_up":{"minecraft:iron_chestplate":1,"minecraft:crafting_table":5,"the_vault:vault_altar":1,"minecraft:cooked_salmon":2,"minecraft:iron_shovel":1,"minecraft:blackstone":1,"minecraft:cobbled_deepslate":56,"minecraft:spruce_planks":3,"minecraft:beef":26,"the_vault:quest_book":1,"minecraft:iron_pickaxe":1,"minecraft:poppy":1,"minecraft:sugar_cane":8,"minecraft:iron_boots":1,"minecraft:furnace":1,"minecraft:stick":4,"minecraft:raw_iron":13,"the_vault:polished_vault_stone":1,"minecraft:torch":3,"minecraft:porkchop":1,"the_vault:cooked_vault_steak":1,"minecraft:redstone":50,"minecraft:arrow":1,"minecraft:rotten_flesh":3,"ae2:certus_quartz_dust":2,"minecraft:hay_block":26,"the_vault:soul_shard":66,"the_vault:vault_silver":2,"supplementaries:ash":2,"minecraft:mutton":6,"minecraft:rail":1,"minecraft:white_wool":4,"minecraft:cobblestone":36,"minecraft:andesite":88,"minecraft:leather":11,"architects_palette:tuff_bricks":1,"minecraft:tuff":4,"minecraft:oak_log":41,"minecraft:lapis_lazuli":38,"minecraft:dirt":15,"architects_palette:chiseled_tuff":1,"minecraft:bone":1,"minecraft:wheat_seeds":45,"minecraft:raw_gold":5,"minecraft:grindstone":1,"the_vault:vault_bronze":14,"minecraft:gray_bed":2,"the_vault:vault_cobblestone":130,"the_vault:raw_chromatic_iron":116,"minecraft:dandelion":1,"the_vault:vault_rock":3,"minecraft:spruce_sapling":1,"minecraft:blast_furnace":8,"minecraft:spruce_log":5,"minecraft:dead_brain_coral_block":2,"minecraft:emerald":1,"minecraft:damaged_anvil":1,"minecraft:coal":12,"minecraft:oak_leaves":2},"minecraft:broken":{"minecraft:iron_pickaxe":1},"minecraft:killed_by":{"minecraft:creeper":2,"minecraft:skeleton":1,"minecraft:zombie":1}},"DataVersion":2975}