{"stats":{"minecraft:crafted":{"minecraft:air":2},"minecraft:killed":{"the_vault:skeleton_pirate_t0":5,"the_vault:vault_fighter":5},"minecraft:dropped":{"minecraft:iron_ingot":1,"minecraft:bread":23,"minecraft:wheat_seeds":1},"minecraft:mined":{"minecraft:grass":1,"minecraft:grass_block":1,"minecraft:tall_grass":1,"thermal:carrot_block":1,"the_vault:coin_pile":4},"minecraft:custom":{"minecraft:time_since_rest":15296,"minecraft:interact_with_furnace":1,"minecraft:sprint_one_cm":70940,"minecraft:damage_taken":46,"minecraft:walk_one_cm":72541,"minecraft:mob_kills":10,"minecraft:drop":4,"minecraft:damage_dealt":884,"minecraft:interact_with_crafting_table":2,"minecraft:talked_to_villager":3,"minecraft:fly_one_cm":24444,"minecraft:open_chest":17,"minecraft:crouch_one_cm":262,"minecraft:play_time":21371,"minecraft:sneak_time":79,"minecraft:bell_ring":1,"minecraft:jump":233,"minecraft:time_since_death":21371,"minecraft:sleep_in_bed":2,"minecraft:total_world_time":21371,"minecraft:climb_one_cm":131,"minecraft:fall_one_cm":3620},"minecraft:used":{"minecraft:stone_sword":40,"minecraft:bread":3,"minecraft:iron_pickaxe":4,"minecraft:iron_sword":1,"minecraft:dirt":1},"minecraft:picked_up":{"minecraft:iron_chestplate":1,"minecraft:shield":1,"minecraft:string":1,"minecraft:dirt":1,"minecraft:wheat_seeds":1,"minecraft:iron_helmet":1,"minecraft:iron_ingot":8,"the_vault:soul_shard":90,"the_vault:vault_bronze":5,"minecraft:bread":34,"minecraft:iron_pickaxe":1,"thermal:carrot_block":1,"minecraft:iron_sword":1,"minecraft:iron_boots":1}},"DataVersion":2975}